covariate,treated_mean_before,control_mean_before,smd_before,treated_mean_after,control_mean_after,smd_after,design,snapshot,platform,family
chart_year,1983.171,1990.1973,-0.3907,1983.171,1983.188,-0.001,catalog historical + artist-success NN,2016-10,Spotify,artist-catalog matching
age,33.629,26.6027,0.3907,33.629,33.612,0.001,catalog historical + artist-success NN,2016-10,Spotify,artist-catalog matching
weeks,11.2003,12.0614,-0.1083,11.2003,11.1372,0.0087,catalog historical + artist-success NN,2016-10,Spotify,artist-catalog matching
peak_pos,44.9711,47.3777,-0.0813,44.9711,44.6521,0.0111,catalog historical + artist-success NN,2016-10,Spotify,artist-catalog matching
artist_billboard_songs,20.493,10.0056,0.4506,20.493,18.549,0.1208,catalog historical + artist-success NN,2016-10,Spotify,artist-catalog matching
artist_total_weeks_excl_song,222.5066,60.0165,1.0744,222.5066,201.0949,0.1251,catalog historical + artist-success NN,2016-10,Spotify,artist-catalog matching
artist_mean_weeks_excl_song,12.2047,10.6427,0.2871,12.2047,12.1754,0.0064,catalog historical + artist-success NN,2016-10,Spotify,artist-catalog matching
artist_best_peak_excl_song,6.9503,26.0166,-0.9221,6.9503,7.3155,-0.0314,catalog historical + artist-success NN,2016-10,Spotify,artist-catalog matching
artist_superstar_top1pct,0.2263,0.0506,0.5261,0.2263,0.226,0.0007,catalog historical + artist-success NN,2016-10,Spotify,artist-catalog matching
chart_year,1982.5722,1986.5494,-0.2232,1982.5722,1982.6808,-0.0064,catalog historical + artist-success NN,2017-07,Spotify,artist-catalog matching
age,34.9778,31.0006,0.2232,34.9778,34.8692,0.0064,catalog historical + artist-success NN,2017-07,Spotify,artist-catalog matching
weeks,10.7361,10.8933,-0.021,10.7361,10.6732,0.0088,catalog historical + artist-success NN,2017-07,Spotify,artist-catalog matching
peak_pos,46.3101,51.0329,-0.1613,46.3101,46.0652,0.0085,catalog historical + artist-success NN,2017-07,Spotify,artist-catalog matching
artist_billboard_songs,21.6537,11.679,0.3644,21.6537,18.9377,0.1287,catalog historical + artist-success NN,2017-07,Spotify,artist-catalog matching
artist_total_weeks_excl_song,225.6703,69.4368,0.9375,225.6703,196.4175,0.1592,catalog historical + artist-success NN,2017-07,Spotify,artist-catalog matching
artist_mean_weeks_excl_song,11.9852,10.507,0.2746,11.9852,11.9868,-0.0003,catalog historical + artist-success NN,2017-07,Spotify,artist-catalog matching
artist_best_peak_excl_song,6.8302,27.242,-0.9739,6.8302,7.2709,-0.0386,catalog historical + artist-success NN,2017-07,Spotify,artist-catalog matching
artist_superstar_top1pct,0.2234,0.0543,0.5045,0.2234,0.2183,0.0123,catalog historical + artist-success NN,2017-07,Spotify,artist-catalog matching
chart_year,1983.2365,1988.0359,-0.2722,1983.2365,1983.5468,-0.0183,catalog baseline-attention + artist-success NN,2017-07,Spotify,artist-catalog matching
age,34.3135,29.5141,0.2722,34.3135,34.0032,0.0183,catalog baseline-attention + artist-success NN,2017-07,Spotify,artist-catalog matching
weeks,11.2165,11.425,-0.0273,11.2165,11.2944,-0.0108,catalog baseline-attention + artist-success NN,2017-07,Spotify,artist-catalog matching
peak_pos,44.938,49.5187,-0.1563,44.938,44.3547,0.0202,catalog baseline-attention + artist-success NN,2017-07,Spotify,artist-catalog matching
artist_billboard_songs,20.4661,12.4252,0.3146,20.4661,17.8421,0.1634,catalog baseline-attention + artist-success NN,2017-07,Spotify,artist-catalog matching
artist_total_weeks_excl_song,222.6846,74.9898,0.9591,222.6846,194.7393,0.1624,catalog baseline-attention + artist-success NN,2017-07,Spotify,artist-catalog matching
artist_mean_weeks_excl_song,12.2238,10.7453,0.2721,12.2238,12.1889,0.0076,catalog baseline-attention + artist-success NN,2017-07,Spotify,artist-catalog matching
artist_best_peak_excl_song,6.9579,26.4041,-0.9458,6.9579,7.9216,-0.0818,catalog baseline-attention + artist-success NN,2017-07,Spotify,artist-catalog matching
artist_superstar_top1pct,0.2262,0.0612,0.4838,0.2262,0.2256,0.0014,catalog baseline-attention + artist-success NN,2017-07,Spotify,artist-catalog matching
previous_popularity,29.4773,29.4023,0.004,29.4773,29.2929,0.0101,catalog baseline-attention + artist-success NN,2017-07,Spotify,artist-catalog matching
chart_year,1985.1326,1989.255,-0.2086,1985.1326,1985.3523,-0.0114,catalog historical + artist-success NN,2022-08,Spotify,artist-catalog matching
age,37.5174,33.395,0.2086,37.5174,37.2977,0.0114,catalog historical + artist-success NN,2022-08,Spotify,artist-catalog matching
weeks,10.3953,10.662,-0.0337,10.3953,10.3757,0.0026,catalog historical + artist-success NN,2022-08,Spotify,artist-catalog matching
peak_pos,46.9804,51.0076,-0.1376,46.9804,47.0673,-0.003,catalog historical + artist-success NN,2022-08,Spotify,artist-catalog matching
artist_billboard_songs,24.7728,12.2046,0.4211,24.7728,20.7757,0.1544,catalog historical + artist-success NN,2022-08,Spotify,artist-catalog matching
artist_total_weeks_excl_song,238.9367,79.8918,0.8248,238.9367,216.2173,0.1039,catalog historical + artist-success NN,2022-08,Spotify,artist-catalog matching
artist_mean_weeks_excl_song,11.7733,10.3017,0.273,11.7733,11.9001,-0.0265,catalog historical + artist-success NN,2022-08,Spotify,artist-catalog matching
artist_best_peak_excl_song,6.8558,25.0561,-0.8788,6.8558,7.0078,-0.0133,catalog historical + artist-success NN,2022-08,Spotify,artist-catalog matching
artist_superstar_top1pct,0.2326,0.072,0.4585,0.2326,0.2326,0.0,catalog historical + artist-success NN,2022-08,Spotify,artist-catalog matching
chart_year,1982.848,1986.9673,-0.2309,1982.848,1983.1564,-0.0179,catalog baseline-attention + artist-success NN,2022-08,Spotify,artist-catalog matching
age,39.802,35.6827,0.2309,39.802,39.4936,0.0179,catalog baseline-attention + artist-success NN,2022-08,Spotify,artist-catalog matching
weeks,10.7816,11.0207,-0.0317,10.7816,10.8576,-0.0106,catalog baseline-attention + artist-success NN,2022-08,Spotify,artist-catalog matching
peak_pos,46.1718,50.8255,-0.1593,46.1718,45.6678,0.0175,catalog baseline-attention + artist-success NN,2022-08,Spotify,artist-catalog matching
artist_billboard_songs,21.7777,11.8811,0.3571,21.7777,18.5036,0.1514,catalog baseline-attention + artist-success NN,2022-08,Spotify,artist-catalog matching
artist_total_weeks_excl_song,226.8836,71.1269,0.9255,226.8836,189.6336,0.2008,catalog baseline-attention + artist-success NN,2022-08,Spotify,artist-catalog matching
artist_mean_weeks_excl_song,12.0308,10.5993,0.2643,12.0308,11.9659,0.0141,catalog baseline-attention + artist-success NN,2022-08,Spotify,artist-catalog matching
artist_best_peak_excl_song,6.8505,27.1255,-0.9685,6.8505,7.6928,-0.0726,catalog baseline-attention + artist-success NN,2022-08,Spotify,artist-catalog matching
artist_superstar_top1pct,0.2258,0.0569,0.4996,0.2258,0.2184,0.0178,catalog baseline-attention + artist-success NN,2022-08,Spotify,artist-catalog matching
previous_popularity,32.9209,30.8804,0.1025,32.9209,32.753,0.0088,catalog baseline-attention + artist-success NN,2022-08,Spotify,artist-catalog matching
chart_year,1986.3129,1992.5424,-0.2907,1986.3129,1986.5958,-0.0138,catalog historical + artist-success NN,2025,Spotify,artist-catalog matching
age,39.3371,33.1076,0.2907,39.3371,39.0542,0.0138,catalog historical + artist-success NN,2025,Spotify,artist-catalog matching
weeks,10.1225,10.1212,0.0002,10.1225,10.0947,0.0036,catalog historical + artist-success NN,2025,Spotify,artist-catalog matching
peak_pos,47.0469,51.797,-0.1628,47.0469,46.9573,0.0031,catalog historical + artist-success NN,2025,Spotify,artist-catalog matching
artist_billboard_songs,27.2313,12.4243,0.4581,27.2313,21.9608,0.1784,catalog historical + artist-success NN,2025,Spotify,artist-catalog matching
artist_total_weeks_excl_song,252.6609,83.5847,0.7882,252.6609,226.041,0.1112,catalog historical + artist-success NN,2025,Spotify,artist-catalog matching
artist_mean_weeks_excl_song,11.603,10.1515,0.2639,11.603,11.7701,-0.0351,catalog historical + artist-success NN,2025,Spotify,artist-catalog matching
artist_best_peak_excl_song,6.691,24.4014,-0.8665,6.691,6.802,-0.0098,catalog historical + artist-success NN,2025,Spotify,artist-catalog matching
artist_superstar_top1pct,0.2448,0.0755,0.4743,0.2448,0.2448,0.0,catalog historical + artist-success NN,2025,Spotify,artist-catalog matching
chart_year,1985.1917,1989.2545,-0.2054,1985.1917,1985.4061,-0.0111,catalog baseline-attention + artist-success NN,2025,Spotify,artist-catalog matching
age,40.4583,36.3955,0.2054,40.4583,40.2439,0.0111,catalog baseline-attention + artist-success NN,2025,Spotify,artist-catalog matching
weeks,10.4195,10.7151,-0.0374,10.4195,10.3649,0.0073,catalog baseline-attention + artist-success NN,2025,Spotify,artist-catalog matching
peak_pos,46.8701,50.8397,-0.1358,46.8701,46.9311,-0.0021,catalog baseline-attention + artist-success NN,2025,Spotify,artist-catalog matching
artist_billboard_songs,24.7903,12.6842,0.4014,24.7903,20.4204,0.1682,catalog baseline-attention + artist-success NN,2025,Spotify,artist-catalog matching
artist_total_weeks_excl_song,239.3536,83.1603,0.8059,239.3536,210.656,0.1317,catalog baseline-attention + artist-success NN,2025,Spotify,artist-catalog matching
artist_mean_weeks_excl_song,11.7899,10.3775,0.2618,11.7899,11.8535,-0.0134,catalog baseline-attention + artist-success NN,2025,Spotify,artist-catalog matching
artist_best_peak_excl_song,6.8422,24.6068,-0.8633,6.8422,7.1733,-0.0288,catalog baseline-attention + artist-success NN,2025,Spotify,artist-catalog matching
artist_superstar_top1pct,0.2327,0.0754,0.4467,0.2327,0.2313,0.0033,catalog baseline-attention + artist-success NN,2025,Spotify,artist-catalog matching
previous_popularity,37.7297,37.0801,0.0303,37.7297,37.6869,0.0021,catalog baseline-attention + artist-success NN,2025,Spotify,artist-catalog matching
chart_year,1983.2184,1988.024,-0.2718,1983.2184,1983.524,-0.018,catalog baseline-attention + artist-success NN,2017-07,Last.fm,artist-catalog matching
age,34.3316,29.526,0.2718,34.3316,34.026,0.018,catalog baseline-attention + artist-success NN,2017-07,Last.fm,artist-catalog matching
weeks,11.2057,11.4239,-0.0285,11.2057,11.2946,-0.0124,catalog baseline-attention + artist-success NN,2017-07,Last.fm,artist-catalog matching
peak_pos,44.9386,49.5545,-0.1576,44.9386,44.3511,0.0204,catalog baseline-attention + artist-success NN,2017-07,Last.fm,artist-catalog matching
artist_billboard_songs,20.4978,12.5242,0.3099,20.4978,17.8554,0.1646,catalog baseline-attention + artist-success NN,2017-07,Last.fm,artist-catalog matching
artist_total_weeks_excl_song,222.8976,75.2263,0.9578,222.8976,194.9535,0.1623,catalog baseline-attention + artist-success NN,2017-07,Last.fm,artist-catalog matching
artist_mean_weeks_excl_song,12.2159,10.7449,0.2704,12.2159,12.1833,0.0071,catalog baseline-attention + artist-success NN,2017-07,Last.fm,artist-catalog matching
artist_best_peak_excl_song,6.9273,26.4741,-0.9511,6.9273,7.8896,-0.0822,catalog baseline-attention + artist-success NN,2017-07,Last.fm,artist-catalog matching
artist_superstar_top1pct,0.2261,0.0611,0.484,0.2261,0.2257,0.0011,catalog baseline-attention + artist-success NN,2017-07,Last.fm,artist-catalog matching
previous_popularity,29.487,29.3791,0.0058,29.487,29.3065,0.0099,catalog baseline-attention + artist-success NN,2017-07,Last.fm,artist-catalog matching
