evidence_layer,snapshot,song_age,delta_excess,decay_equivalent_years,inversion_status
Matched residual,October 2016,1,2.5221556223943744,0.2093477696678231,valid
Matched residual,October 2016,2,2.5221556223943744,0.3888543712366177,valid
Matched residual,October 2016,3,2.5221556223943744,0.6477593329686142,valid
Matched residual,October 2016,4,2.5221556223943744,0.9604903385223005,valid
Matched residual,October 2016,5,2.5221556223943744,1.2805324000315168,valid
Matched residual,October 2016,6,2.5221556223943744,1.5636160486502613,valid
Matched residual,October 2016,7,2.5221556223943744,1.7852213028677077,valid
Matched residual,October 2016,8,2.5221556223943744,1.9451087505336613,valid
Matched residual,October 2016,9,2.5221556223943744,2.0586232940635902,valid
Matched residual,October 2016,10,2.5221556223943744,2.14368720158728,valid
Matched residual,October 2016,11,2.5221556223943744,2.213616994794693,valid
Matched residual,October 2016,12,2.5221556223943744,2.276383233716281,valid
Matched residual,October 2016,13,2.5221556223943744,2.3362595748259185,valid
Matched residual,October 2016,14,2.5221556223943744,2.3954203629545194,valid
Matched residual,October 2016,15,2.5221556223943744,2.4549502552805915,valid
Matched residual,October 2016,16,2.5221556223943744,2.5153917085068205,valid
Matched residual,October 2016,17,2.5221556223943744,2.577022786824477,valid
Matched residual,October 2016,18,2.5221556223943744,2.6399939363085174,valid
Matched residual,October 2016,19,2.5221556223943744,2.704394402458032,valid
Matched residual,October 2016,20,2.5221556223943744,2.7702842863264934,valid
Matched residual,October 2016,21,2.5221556223943744,2.837709978594418,valid
Matched residual,October 2016,22,2.5221556223943744,2.9067115859919355,valid
Matched residual,October 2016,23,2.5221556223943744,2.9773265060459124,valid
Matched residual,October 2016,24,2.5221556223943744,3.049591149739207,valid
Matched residual,October 2016,25,2.5221556223943744,3.123541773285517,valid
Matched residual,October 2016,26,2.5221556223943744,3.199214881052537,valid
Matched residual,October 2016,27,2.5221556223943744,3.27664742180794,valid
Matched residual,October 2016,28,2.5221556223943744,3.3558768851838785,valid
Matched residual,October 2016,29,2.5221556223943744,3.436941349823371,valid
Matched residual,October 2016,30,2.5221556223943744,3.519879507998546,valid
Matched residual,October 2016,31,2.5221556223943744,3.6047306786465434,valid
Matched residual,October 2016,32,2.5221556223943744,3.691534814578418,valid
Matched residual,October 2016,33,2.5221556223943744,3.780332506630028,valid
Matched residual,October 2016,34,2.5221556223943744,3.8711649860824338,valid
Matched residual,October 2016,35,2.5221556223943744,3.964074125981867,valid
Matched residual,October 2016,36,2.5221556223943744,4.059102441652723,valid
Matched residual,October 2016,37,2.5221556223943744,4.156293090532536,valid
Matched residual,October 2016,38,2.5221556223943744,4.255689871379715,valid
Matched residual,October 2016,39,2.5221556223943744,4.357337222865098,valid
Matched residual,October 2016,40,2.5221556223943744,4.461280221540051,valid
Matched residual,October 2016,41,2.5221556223943744,4.567564579164312,valid
Matched residual,October 2016,42,2.5221556223943744,4.67623663937227,valid
Matched residual,October 2016,43,2.5221556223943744,4.787343373652988,valid
Matched residual,October 2016,44,2.5221556223943744,4.900932376625278,valid
Matched residual,October 2016,45,2.5221556223943744,5.017051860567236,valid
Matched residual,October 2016,46,2.5221556223943744,5.135750649194584,valid
Matched residual,October 2016,47,2.5221556223943744,5.257078170648683,valid
Matched residual,October 2016,48,2.5221556223943744,5.381084449671604,valid
Matched residual,October 2016,49,2.5221556223943744,5.507820098944954,valid
Matched residual,October 2016,50,2.5221556223943744,5.637336309565846,valid
Matched residual,October 2016,51,2.5221556223943744,5.769684840635925,valid
Matched residual,October 2016,52,2.5221556223943744,5.904918007939052,valid
Matched residual,October 2016,53,2.5221556223943744,6.043088671684103,valid
Matched residual,October 2016,54,2.5221556223943744,6.184250223290071,valid
Matched residual,October 2016,55,2.5221556223943744,6.328456571191232,valid
Matched residual,October 2016,56,2.5221556223943744,6.475762125640912,valid
Matched residual,October 2016,57,2.5221556223943744,6.626221782494021,valid
Matched residual,October 2016,58,2.5221556223943744,6.779890905948591,valid
Matched residual,July 2017,1,2.5221556223943744,0.24871400999384263,valid
Matched residual,July 2017,2,2.5221556223943744,0.42924320854503994,valid
Matched residual,July 2017,3,2.5221556223943744,0.6750865185470705,valid
Matched residual,July 2017,4,2.5221556223943744,0.9628888564845215,valid
Matched residual,July 2017,5,2.5221556223943744,1.2549241651005834,valid
Matched residual,July 2017,6,2.5221556223943744,1.515779388777001,valid
Matched residual,July 2017,7,2.5221556223943744,1.7251433726170626,valid
Matched residual,July 2017,8,2.5221556223943744,1.881275312695771,valid
Matched residual,July 2017,9,2.5221556223943744,1.99512237539858,valid
Matched residual,July 2017,10,2.5221556223943744,2.0810057793326573,valid
Matched residual,July 2017,11,2.5221556223943744,2.1506456508547664,valid
Matched residual,July 2017,12,2.5221556223943744,2.211744601673276,valid
Matched residual,July 2017,13,2.5221556223943744,2.2688087850384573,valid
Matched residual,July 2017,14,2.5221556223943744,2.3243199267439323,valid
Matched residual,July 2017,15,2.5221556223943744,2.3796067665768756,valid
Matched residual,July 2017,16,2.5221556223943744,2.435375000355176,valid
Matched residual,July 2017,17,2.5221556223943744,2.4920024517352015,valid
Matched residual,July 2017,18,2.5221556223943744,2.54969674385252,valid
Matched residual,July 2017,19,2.5221556223943744,2.6085778184070207,valid
Matched residual,July 2017,20,2.5221556223943744,2.668720694122616,valid
Matched residual,July 2017,21,2.5221556223943744,2.730177518071091,valid
Matched residual,July 2017,22,2.5221556223943744,2.7929889146791,valid
Matched residual,July 2017,23,2.5221556223943744,2.857189823030023,valid
Matched residual,July 2017,24,2.5221556223943744,2.9228124999370166,valid
Matched residual,July 2017,25,2.5221556223943744,2.989888066269259,valid
Matched residual,July 2017,26,2.5221556223943744,3.05844730445407,valid
Matched residual,July 2017,27,2.5221556223943744,3.1285210708792803,valid
Matched residual,July 2017,28,2.5221556223943744,3.2001405101031892,valid
Matched residual,July 2017,29,2.5221556223943744,3.2733371669524907,valid
Matched residual,July 2017,30,2.5221556223943744,3.3481430459208283,valid
Matched residual,July 2017,31,2.5221556223943744,3.424590643291591,valid
Matched residual,July 2017,32,2.5221556223943744,3.5027129650704936,valid
Matched residual,July 2017,33,2.5221556223943744,3.5825435374643213,valid
Matched residual,July 2017,34,2.5221556223943744,3.664116413372124,valid
Matched residual,July 2017,35,2.5221556223943744,3.74746617667056,valid
Matched residual,July 2017,36,2.5221556223943744,3.8326279452056298,valid
Matched residual,July 2017,37,2.5221556223943744,3.919637372954675,valid
Matched residual,July 2017,38,2.5221556223943744,4.008530651591059,valid
Matched residual,July 2017,39,2.5221556223943744,4.0993445115633165,valid
Matched residual,July 2017,40,2.5221556223943744,4.1921162227391235,valid
Matched residual,July 2017,41,2.5221556223943744,4.286883594631483,valid
Matched residual,July 2017,42,2.5221556223943744,4.383684976208457,valid
Matched residual,July 2017,43,2.5221556223943744,4.48255925527819,valid
Matched residual,July 2017,44,2.5221556223943744,4.583545857436512,valid
Matched residual,July 2017,45,2.5221556223943744,4.6866847445622,valid
Matched residual,July 2017,46,2.5221556223943744,4.7920164128433385,valid
Matched residual,July 2017,47,2.5221556223943744,4.899581890317286,valid
Matched residual,July 2017,48,2.5221556223943744,5.009422733906668,valid
Matched residual,July 2017,49,2.5221556223943744,5.121581025932343,valid
Matched residual,July 2017,50,2.5221556223943744,5.236099370091303,valid
Matched residual,July 2017,51,2.5221556223943744,5.353020886866155,valid
Matched residual,July 2017,52,2.5221556223943744,5.472389208367844,valid
Matched residual,July 2017,53,2.5221556223943744,5.594248472579949,valid
Matched residual,July 2017,54,2.5221556223943744,5.718643316989855,valid
Matched residual,July 2017,55,2.5221556223943744,5.845618871590226,valid
Matched residual,July 2017,56,2.5221556223943744,5.9752207512324915,valid
Matched residual,July 2017,57,2.5221556223943744,6.1074950473148775,valid
Matched residual,July 2017,58,2.5221556223943744,6.242488318787963,valid
Matched residual,August 2022,1,2.5221556223943744,,above_young_maximum
Matched residual,August 2022,2,2.5221556223943744,,above_young_maximum
Matched residual,August 2022,3,2.5221556223943744,2.745949504322778,valid
Matched residual,August 2022,4,2.5221556223943744,2.7241554520798568,valid
Matched residual,August 2022,5,2.5221556223943744,2.706827793877564,valid
Matched residual,August 2022,6,2.5221556223943744,2.6935373266401306,valid
Matched residual,August 2022,7,2.5221556223943744,2.683922139353699,valid
Matched residual,August 2022,8,2.5221556223943744,2.677675269699874,valid
Matched residual,August 2022,9,2.5221556223943744,2.6745350352542516,valid
Matched residual,August 2022,10,2.5221556223943744,2.6742773793205163,valid
Matched residual,August 2022,11,2.5221556223943744,2.6767097530563095,valid
Matched residual,August 2022,12,2.5221556223943744,2.681666182420349,valid
Matched residual,August 2022,13,2.5221556223943744,2.6890032582902297,valid
Matched residual,August 2022,14,2.5221556223943744,2.6985968526000423,valid
Matched residual,August 2022,15,2.5221556223943744,2.7103394107337024,valid
Matched residual,August 2022,16,2.5221556223943744,2.7241377045952397,valid
Matched residual,August 2022,17,2.5221556223943744,2.739910957206641,valid
Matched residual,August 2022,18,2.5221556223943744,2.757589268643903,valid
Matched residual,August 2022,19,2.5221556223943744,2.7771122881703008,valid
Matched residual,August 2022,20,2.5221556223943744,2.7984280888403816,valid
Matched residual,August 2022,21,2.5221556223943744,2.821492209249037,valid
Matched residual,August 2022,22,2.5221556223943744,2.8462668344152604,valid
Matched residual,August 2022,23,2.5221556223943744,2.872720092781787,valid
Matched residual,August 2022,24,2.5221556223943744,2.900825450657443,valid
Matched residual,August 2022,25,2.5221556223943744,2.9305611889054966,valid
Matched residual,August 2022,26,2.5221556223943744,2.961909949227959,valid
Matched residual,August 2022,27,2.5221556223943744,2.9948583396066475,valid
Matched residual,August 2022,28,2.5221556223943744,3.029396590294965,valid
Matched residual,August 2022,29,2.5221556223943744,3.0655182530409135,valid
Matched residual,August 2022,30,2.5221556223943744,3.1032199375648197,valid
Matched residual,August 2022,31,2.5221556223943744,3.1425010800828375,valid
Matched residual,August 2022,32,2.5221556223943744,3.1833637395820595,valid
Matched residual,August 2022,33,2.5221556223943744,3.2258124182300065,valid
Matched residual,August 2022,34,2.5221556223943744,3.269853902676278,valid
Matched residual,August 2022,35,2.5221556223943744,3.3154971237117223,valid
Matched residual,August 2022,36,2.5221556223943744,3.362753031839027,valid
Matched residual,August 2022,37,2.5221556223943744,3.4116344869324777,valid
Matched residual,August 2022,38,2.5221556223943744,3.462156160165435,valid
Matched residual,August 2022,39,2.5221556223943744,3.5143344467972213,valid
Matched residual,August 2022,40,2.5221556223943744,3.5681873885050592,valid
Matched residual,August 2022,41,2.5221556223943744,3.6237346041493907,valid
Matched residual,August 2022,42,2.5221556223943744,3.6809972280333625,valid
Matched residual,August 2022,43,2.5221556223943744,3.739997854730909,valid
Matched residual,August 2022,44,2.5221556223943744,3.800760489814138,valid
Matched residual,August 2022,45,2.5221556223943744,3.8633105057165906,valid
Matched residual,August 2022,46,2.5221556223943744,3.927674602246384,valid
Matched residual,August 2022,47,2.5221556223943744,3.993880771199912,valid
Matched residual,August 2022,48,2.5221556223943744,4.0619582645260195,valid
Matched residual,August 2022,49,2.5221556223943744,4.131937565771132,valid
Matched residual,August 2022,50,2.5221556223943744,4.203850364340475,valid
Matched residual,August 2022,51,2.5221556223943744,4.277729532242041,valid
Matched residual,August 2022,52,2.5221556223943744,4.353609103073325,valid
Matched residual,August 2022,53,2.5221556223943744,4.431524252915764,valid
Matched residual,August 2022,54,2.5221556223943744,4.511511282920949,valid
Matched residual,August 2022,55,2.5221556223943744,4.593607603382615,valid
Matched residual,August 2022,56,2.5221556223943744,4.677851719019529,valid
Matched residual,August 2022,57,2.5221556223943744,4.76428321537832,valid
Matched residual,August 2022,58,2.5221556223943744,4.852942746116142,valid
Matched residual,August 2025,1,2.5221556223943744,,above_young_maximum
Matched residual,August 2025,2,2.5221556223943744,,above_young_maximum
Matched residual,August 2025,3,2.5221556223943744,2.928925116291279,valid
Matched residual,August 2025,4,2.5221556223943744,2.8633536918882294,valid
Matched residual,August 2025,5,2.5221556223943744,2.8083885511556024,valid
Matched residual,August 2025,6,2.5221556223943744,2.762411239412392,valid
Matched residual,August 2025,7,2.5221556223943744,2.7241499859278138,valid
Matched residual,August 2025,8,2.5221556223943744,2.6925905002335373,valid
Matched residual,August 2025,9,2.5221556223943744,2.666913496427246,valid
Matched residual,August 2025,10,2.5221556223943744,2.6464499108108495,valid
Matched residual,August 2025,11,2.5221556223943744,2.630648149133661,valid
Matched residual,August 2025,12,2.5221556223943744,2.6190497048162182,valid
Matched residual,August 2025,13,2.5221556223943744,2.611270722348703,valid
Matched residual,August 2025,14,2.5221556223943744,2.6069878605300456,valid
Matched residual,August 2025,15,2.5221556223943744,2.6059273159470955,valid
Matched residual,August 2025,16,2.5221556223943744,2.6078562035445625,valid
Matched residual,August 2025,17,2.5221556223943744,2.6125757181351137,valid
Matched residual,August 2025,18,2.5221556223943744,2.6199156580548877,valid
Matched residual,August 2025,19,2.5221556223943744,2.6297300019753003,valid
Matched residual,August 2025,20,2.5221556223943744,2.6418933081060807,valid
Matched residual,August 2025,21,2.5221556223943744,2.6562977616664725,valid
Matched residual,August 2025,22,2.5221556223943744,2.6728507377303927,valid
Matched residual,August 2025,23,2.5221556223943744,2.6914727768906914,valid
Matched residual,August 2025,24,2.5221556223943744,2.7120958943042304,valid
Matched residual,August 2025,25,2.5221556223943744,2.734662159625632,valid
Matched residual,August 2025,26,2.5221556223943744,2.7591224984489564,valid
Matched residual,August 2025,27,2.5221556223943744,2.7854356761613666,valid
Matched residual,August 2025,28,2.5221556223943744,2.8135674326488918,valid
Matched residual,August 2025,29,2.5221556223943744,2.843489742572036,valid
Matched residual,August 2025,30,2.5221556223943744,2.875180180571771,valid
Matched residual,August 2025,31,2.5221556223943744,2.908621374678553,valid
Matched residual,August 2025,32,2.5221556223943744,2.943800534127128,valid
Matched residual,August 2025,33,2.5221556223943744,2.9807090402140624,valid
Matched residual,August 2025,34,2.5221556223943744,3.0193420908134527,valid
Matched residual,August 2025,35,2.5221556223943744,3.059698390669901,valid
Matched residual,August 2025,36,2.5221556223943744,3.10177988097535,valid
Matched residual,August 2025,37,2.5221556223943744,3.1455915026946997,valid
Matched residual,August 2025,38,2.5221556223943744,3.19114098895772,valid
Matched residual,August 2025,39,2.5221556223943744,3.238438682725672,valid
Matched residual,August 2025,40,2.5221556223943744,3.2874973762155406,valid
Matched residual,August 2025,41,2.5221556223943744,3.338332169373345,valid
Matched residual,August 2025,42,2.5221556223943744,3.390960344899966,valid
Matched residual,August 2025,43,2.5221556223943744,3.4454012577482516,valid
Matched residual,August 2025,44,2.5221556223943744,3.5016762372603836,valid
Matched residual,August 2025,45,2.5221556223943744,3.5598085004661044,valid
Matched residual,August 2025,46,2.5221556223943744,3.619823075044259,valid
Matched residual,August 2025,47,2.5221556223943744,3.6817467309422014,valid
Matched residual,August 2025,48,2.5221556223943744,3.7456079194555656,valid
Matched residual,August 2025,49,2.5221556223943744,3.811436719010999,valid
Matched residual,August 2025,50,2.5221556223943744,3.879264786713712,valid
Matched residual,August 2025,51,2.5221556223943744,3.949125315100801,valid
Matched residual,August 2025,52,2.5221556223943744,4.021052993358914,valid
Matched residual,August 2025,53,2.5221556223943744,4.095083972541438,valid
Matched residual,August 2025,54,2.5221556223943744,4.171255834221888,valid
Matched residual,August 2025,55,2.5221556223943744,4.249607562194022,valid
Matched residual,August 2025,56,2.5221556223943744,4.330179516810034,valid
Matched residual,August 2025,57,2.5221556223943744,4.413013411550104,valid
Matched residual,August 2025,58,2.5221556223943744,4.4981522915803325,valid
Temporal event,October 2016,1,2.4512295719264454,0.20387184920912893,valid
Temporal event,October 2016,2,2.4512295719264454,0.3791581777708446,valid
Temporal event,October 2016,3,2.4512295719264454,0.6323681326866049,valid
Temporal event,October 2016,4,2.4512295719264454,0.9382936869647827,valid
Temporal event,October 2016,5,2.4512295719264454,1.250785791439518,valid
Temporal event,October 2016,6,2.4512295719264454,1.526080460999383,valid
Temporal event,October 2016,7,2.4512295719264454,1.7404909953301093,valid
Temporal event,October 2016,8,2.4512295719264454,1.8945585293644562,valid
Temporal event,October 2016,9,2.4512295719264454,2.003813269665023,valid
Temporal event,October 2016,10,2.4512295719264454,2.0858309594864997,valid
Temporal event,October 2016,11,2.4512295719264454,2.153462890646141,valid
Temporal event,October 2016,12,2.4512295719264454,2.2143305337810144,valid
Temporal event,October 2016,13,2.4512295719264454,2.272499133139549,valid
Temporal event,October 2016,14,2.4512295719264454,2.330031052455908,valid
Temporal event,October 2016,15,2.4512295719264454,2.387953587126983,valid
Temporal event,October 2016,16,2.4512295719264454,2.446780331433425,valid
Temporal event,October 2016,17,2.4512295719264454,2.5067748119622593,valid
Temporal event,October 2016,18,2.4512295719264454,2.568080013997628,valid
Temporal event,October 2016,19,2.4512295719264454,2.6307811902443383,valid
Temporal event,October 2016,20,2.4512295719264454,2.694936141545295,valid
Temporal event,October 2016,21,2.4512295719264454,2.7605897820874894,valid
Temporal event,October 2016,22,2.4512295719264454,2.8277811415184644,valid
Temporal event,October 2016,23,2.4512295719264454,2.896546732653821,valid
Temporal event,October 2016,24,2.4512295719264454,2.966922173165301,valid
Temporal event,October 2016,25,2.4512295719264454,3.038942968171,valid
Temporal event,October 2016,26,2.4512295719264454,3.112644889276904,valid
Temporal event,October 2016,27,2.4512295719264454,3.1880641593199854,valid
Temporal event,October 2016,28,2.4512295719264454,3.265237543397845,valid
Temporal event,October 2016,29,2.4512295719264454,3.3442023945636308,valid
Temporal event,October 2016,30,2.4512295719264454,3.4249966774681724,valid
Temporal event,October 2016,31,2.4512295719264454,3.5076589811563466,valid
Temporal event,October 2016,32,2.4512295719264454,3.5922285264112332,valid
Temporal event,October 2016,33,2.4512295719264454,3.678745170238315,valid
Temporal event,October 2016,34,2.4512295719264454,3.767249408729665,valid
Temporal event,October 2016,35,2.4512295719264454,3.857782378896445,valid
Temporal event,October 2016,36,2.4512295719264454,3.9503858597419708,valid
Temporal event,October 2016,37,2.4512295719264454,4.0451022726946775,valid
Temporal event,October 2016,38,2.4512295719264454,4.141974681446918,valid
Temporal event,October 2016,39,2.4512295719264454,4.241046791208284,valid
Temporal event,October 2016,40,2.4512295719264454,4.342362947365672,valid
Temporal event,October 2016,41,2.4512295719264454,4.445968133532595,valid
Temporal event,October 2016,42,2.4512295719264454,4.551907968966553,valid
Temporal event,October 2016,43,2.4512295719264454,4.660228705330695,valid
Temporal event,October 2016,44,2.4512295719264454,4.7709772227742135,valid
Temporal event,October 2016,45,2.4512295719264454,4.88420102531186,valid
Temporal event,October 2016,46,2.4512295719264454,4.999948235462085,valid
Temporal event,October 2016,47,2.4512295719264454,5.118267588138025,valid
Temporal event,October 2016,48,2.4512295719264454,5.239208423751684,valid
Temporal event,October 2016,49,2.4512295719264454,5.362820680508996,valid
Temporal event,October 2016,50,2.4512295719264454,5.489154885872551,valid
Temporal event,October 2016,51,2.4512295719264454,5.6182621471648275,valid
Temporal event,October 2016,52,2.4512295719264454,5.750194141288276,valid
Temporal event,October 2016,53,2.4512295719264454,5.885003103537329,valid
Temporal event,October 2016,54,2.4512295719264454,6.022741815479236,valid
Temporal event,October 2016,55,2.4512295719264454,6.163463591880188,valid
Temporal event,October 2016,56,2.4512295719264454,6.3072222666547475,valid
Temporal event,October 2016,57,2.4512295719264454,6.4540721778173165,valid
Temporal event,October 2016,58,2.4512295719264454,6.604068151414602,valid
Temporal event,July 2017,1,2.4512295719264454,0.2422324350100934,valid
Temporal event,July 2017,2,2.4512295719264454,0.41850505414903205,valid
Temporal event,July 2017,3,2.4512295719264454,0.658830541958372,valid
Temporal event,July 2017,4,2.4512295719264454,0.9401721859259187,valid
Temporal event,July 2017,5,2.4512295719264454,1.2251620351767456,valid
Temporal event,July 2017,6,2.4512295719264454,1.4788637387383812,valid
Temporal event,July 2017,7,2.4512295719264454,1.6816312763003944,valid
Temporal event,July 2017,8,2.4512295719264454,1.8323124458584035,valid
Temporal event,July 2017,9,2.4512295719264454,1.9420249752794776,valid
Temporal event,July 2017,10,2.4512295719264454,2.024862539227845,valid
Temporal event,July 2017,11,2.4512295719264454,2.092185534805129,valid
Temporal event,July 2017,12,2.4512295719264454,2.1513936049244897,valid
Temporal event,July 2017,13,2.4512295719264454,2.2067927640905207,valid
Temporal event,July 2017,14,2.4512295719264454,2.2607471744056777,valid
Temporal event,July 2017,15,2.4512295719264454,2.314520402353395,valid
Temporal event,July 2017,16,2.4512295719264454,2.3687829622340004,valid
Temporal event,July 2017,17,2.4512295719264454,2.423893841298348,valid
Temporal event,July 2017,18,2.4512295719264454,2.48005052087772,valid
Temporal event,July 2017,19,2.4512295719264454,2.537367370332074,valid
Temporal event,July 2017,20,2.4512295719264454,2.595916222748052,valid
Temporal event,July 2017,21,2.4512295719264454,2.6557472817612506,valid
Temporal event,July 2017,22,2.4512295719264454,2.7168998730319096,valid
Temporal event,July 2017,23,2.4512295719264454,2.77940797017866,valid
Temporal event,July 2017,24,2.4512295719264454,2.84330303573034,valid
Temporal event,July 2017,25,2.4512295719264454,2.908615483078549,valid
Temporal event,July 2017,26,2.4512295719264454,2.9753754301004527,valid
Temporal event,July 2017,27,2.4512295719264454,3.043613088782493,valid
Temporal event,July 2017,28,2.4512295719264454,3.1133589676562536,valid
Temporal event,July 2017,29,2.4512295719264454,3.184643977869115,valid
Temporal event,July 2017,30,2.4512295719264454,3.25749948956258,valid
Temporal event,July 2017,31,2.4512295719264454,3.3319573625539682,valid
Temporal event,July 2017,32,2.4512295719264454,3.408049963661263,valid
Temporal event,July 2017,33,2.4512295719264454,3.485810177018749,valid
Temporal event,July 2017,34,2.4512295719264454,3.565271410646595,valid
Temporal event,July 2017,35,2.4512295719264454,3.6464676009497836,valid
Temporal event,July 2017,36,2.4512295719264454,3.729433216003578,valid
Temporal event,July 2017,37,2.4512295719264454,3.814203258060239,valid
Temporal event,July 2017,38,2.4512295719264454,3.900813265494719,valid
Temporal event,July 2017,39,2.4512295719264454,3.9892993142932625,valid
Temporal event,July 2017,40,2.4512295719264454,4.079698019131563,valid
Temporal event,July 2017,41,2.4512295719264454,4.172046534057948,valid
Temporal event,July 2017,42,2.4512295719264454,4.266382552781899,valid
Temporal event,July 2017,43,2.4512295719264454,4.36274430855952,valid
Temporal event,July 2017,44,2.4512295719264454,4.461170573663232,valid
Temporal event,July 2017,45,2.4512295719264454,4.561700658420705,valid
Temporal event,July 2017,46,2.4512295719264454,4.664374409806534,valid
Temporal event,July 2017,47,2.4512295719264454,4.769232209569537,valid
Temporal event,July 2017,48,2.4512295719264454,4.876314971877996,valid
Temporal event,July 2017,49,2.4512295719264454,4.985664140465069,valid
Temporal event,July 2017,50,2.4512295719264454,5.0973216852550465,valid
Temporal event,July 2017,51,2.4512295719264454,5.211330098458667,valid
Temporal event,July 2017,52,2.4512295719264454,5.327732390103741,valid
Temporal event,July 2017,53,2.4512295719264454,5.446572083003204,valid
Temporal event,July 2017,54,2.4512295719264454,5.567893207128428,valid
Temporal event,July 2017,55,2.4512295719264454,5.691740293373201,valid
Temporal event,July 2017,56,2.4512295719264454,5.81815836669211,valid
Temporal event,July 2017,57,2.4512295719264454,5.9471929385944335,valid
Temporal event,July 2017,58,2.4512295719264454,6.078889998976479,valid
Temporal event,August 2022,1,2.4512295719264454,,above_young_maximum
Temporal event,August 2022,2,2.4512295719264454,,above_young_maximum
Temporal event,August 2022,3,2.4512295719264454,2.667751662084314,valid
Temporal event,August 2022,4,2.4512295719264454,2.6467590579438394,valid
Temporal event,August 2022,5,2.4512295719264454,2.6300853859349327,valid
Temporal event,August 2022,6,2.4512295719264454,2.6173175880164257,valid
Temporal event,August 2022,7,2.4512295719264454,2.6081071655074703,valid
Temporal event,August 2022,8,2.4512295719264454,2.6021583853832304,valid
Temporal event,August 2022,9,2.4512295719264454,2.5992190313495946,valid
Temporal event,August 2022,10,2.4512295719264454,2.5990730746237105,valid
Temporal event,August 2022,11,2.4512295719264454,2.6015348103797606,valid
Temporal event,August 2022,12,2.4512295719264454,2.6064441259012057,valid
Temporal event,August 2022,13,2.4512295719264454,2.6136626513620893,valid
Temporal event,August 2022,14,2.4512295719264454,2.623070605474128,valid
Temporal event,August 2022,15,2.4512295719264454,2.6345641929993064,valid
Temporal event,August 2022,16,2.4512295719264454,2.648053443968454,valid
Temporal event,August 2022,17,2.4512295719264454,2.663460409194764,valid
Temporal event,August 2022,18,2.4512295719264454,2.6807176450914465,valid
Temporal event,August 2022,19,2.4512295719264454,2.699766934927368,valid
Temporal event,August 2022,20,2.4512295719264454,2.720558204693024,valid
Temporal event,August 2022,21,2.4512295719264454,2.743048599636687,valid
Temporal event,August 2022,22,2.4512295719264454,2.767201694671499,valid
Temporal event,August 2022,23,2.4512295719264454,2.792986816535649,valid
Temporal event,August 2022,24,2.4512295719264454,2.8203784597658768,valid
Temporal event,August 2022,25,2.4512295719264454,2.8493557819002433,valid
Temporal event,August 2022,26,2.4512295719264454,2.8799021657160253,valid
Temporal event,August 2022,27,2.4512295719264454,2.9120048385421917,valid
Temporal event,August 2022,28,2.4512295719264454,2.9456545402744254,valid
Temporal event,August 2022,29,2.4512295719264454,2.980845233100876,valid
Temporal event,August 2022,30,2.4512295719264454,3.0175738472009606,valid
Temporal event,August 2022,31,2.4512295719264454,3.0558400573311424,valid
Temporal event,August 2022,32,2.4512295719264454,3.0956460862595954,valid
Temporal event,August 2022,33,2.4512295719264454,3.136996531461673,valid
Temporal event,August 2022,34,2.4512295719264454,3.179898212027936,valid
Temporal event,August 2022,35,2.4512295719264454,3.2243600333183053,valid
Temporal event,August 2022,36,2.4512295719264454,3.2703928669807993,valid
Temporal event,August 2022,37,2.4512295719264454,3.3180094445875454,valid
Temporal event,August 2022,38,2.4512295719264454,3.3672242631878717,valid
Temporal event,August 2022,39,2.4512295719264454,3.418053501314567,valid
Temporal event,August 2022,40,2.4512295719264454,3.470514944259122,valid
Temporal event,August 2022,41,2.4512295719264454,3.5246279175175275,valid
Temporal event,August 2022,42,2.4512295719264454,3.5804132274839446,valid
Temporal event,August 2022,43,2.4512295719264454,3.637893108511669,valid
Temporal event,August 2022,44,2.4512295719264454,3.6970911757091685,valid
Temporal event,August 2022,45,2.4512295719264454,3.758032382711008,valid
Temporal event,August 2022,46,2.4512295719264454,3.820742983978768,valid
Temporal event,August 2022,47,2.4512295719264454,3.8852505010373477,valid
Temporal event,August 2022,48,2.4512295719264454,3.9515836922376835,valid
Temporal event,August 2022,49,2.4512295719264454,4.019772525635808,valid
Temporal event,August 2022,50,2.4512295719264454,4.089848154690479,valid
Temporal event,August 2022,51,2.4512295719264454,4.161842896309061,valid
Temporal event,August 2022,52,2.4512295719264454,4.235790211129171,valid
Temporal event,August 2022,53,2.4512295719264454,4.3117246856534095,valid
Temporal event,August 2022,54,2.4512295719264454,4.389682016035266,valid
Temporal event,August 2022,55,2.4512295719264454,4.469698993321657,valid
Temporal event,August 2022,56,2.4512295719264454,4.5518134898911455,valid
Temporal event,August 2022,57,2.4512295719264454,4.636064446995988,valid
Temporal event,August 2022,58,2.4512295719264454,4.722491863164301,valid
Temporal event,August 2025,1,2.4512295719264454,,above_young_maximum
Temporal event,August 2025,2,2.4512295719264454,,above_young_maximum
Temporal event,August 2025,3,2.4512295719264454,2.8435504465817085,valid
Temporal event,August 2025,4,2.4512295719264454,2.780359580507314,valid
Temporal event,August 2025,5,2.4512295719264454,2.727374650252731,valid
Temporal event,August 2025,6,2.4512295719264454,2.683048267090728,valid
Temporal event,August 2025,7,2.4512295719264454,2.6461625533450963,valid
Temporal event,August 2025,8,2.4512295719264454,2.615744901548304,valid
Temporal event,August 2025,9,2.4512295719264454,2.5910088109562803,valid
Temporal event,August 2025,10,2.4512295719264454,2.571311379409668,valid
Temporal event,August 2025,11,2.4512295719264454,2.5561221511570658,valid
Temporal event,August 2025,12,2.4512295719264454,2.544999885903094,valid
Temporal event,August 2025,13,2.4512295719264454,2.537574965789366,valid
Temporal event,August 2025,14,2.4512295719264454,2.533535887247817,valid
Temporal event,August 2025,15,2.4512295719264454,2.532618760317151,valid
Temporal event,August 2025,16,2.4512295719264454,2.534599054107975,valid
Temporal event,August 2025,17,2.4512295719264454,2.5392850417349067,valid
Temporal event,August 2025,18,2.4512295719264454,2.54651254654833,valid
Temporal event,August 2025,19,2.4512295719264454,2.5561406955193107,valid
Temporal event,August 2025,20,2.4512295719264454,2.5680484598426787,valid
Temporal event,August 2025,21,2.4512295719264454,2.5821318166218283,valid
Temporal event,August 2025,22,2.4512295719264454,2.5983014047290247,valid
Temporal event,August 2025,23,2.4512295719264454,2.6164805767257846,valid
Temporal event,August 2025,24,2.4512295719264454,2.6366037709113535,valid
Temporal event,August 2025,25,2.4512295719264454,2.658615143592261,valid
Temporal event,August 2025,26,2.4512295719264454,2.682467414304938,valid
Temporal event,August 2025,27,2.4512295719264454,2.7081208864761592,valid
Temporal event,August 2025,28,2.4512295719264454,2.7355426132029272,valid
Temporal event,August 2025,29,2.4512295719264454,2.76470568398096,valid
Temporal event,August 2025,30,2.4512295719264454,2.7955886124278457,valid
Temporal event,August 2025,31,2.4512295719264454,2.8281748090470735,valid
Temporal event,August 2025,32,2.4512295719264454,2.8624521256633635,valid
Temporal event,August 2025,33,2.4512295719264454,2.898412460667977,valid
Temporal event,August 2025,34,2.4512295719264454,2.9360514160238402,valid
Temporal event,August 2025,35,2.4512295719264454,2.9753679984615857,valid
Temporal event,August 2025,36,2.4512295719264454,3.016364358527184,valid
Temporal event,August 2025,37,2.4512295719264454,3.0590455622881123,valid
Temporal event,August 2025,38,2.4512295719264454,3.1034193911085524,valid
Temporal event,August 2025,39,2.4512295719264454,3.1494961657772365,valid
Temporal event,August 2025,40,2.4512295719264454,3.1972885917634954,valid
Temporal event,August 2025,41,2.4512295719264454,3.2468116228191306,valid
Temporal event,August 2025,42,2.4512295719264454,3.2980823406144353,valid
Temporal event,August 2025,43,2.4512295719264454,3.351119848400444,valid
Temporal event,August 2025,44,2.4512295719264454,3.4059451768659628,valid
Temporal event,August 2025,45,2.4512295719264454,3.4625812008227257,valid
Temporal event,August 2025,46,2.4512295719264454,3.521052565281849,valid
Temporal event,August 2025,47,2.4512295719264454,3.5813856198612157,valid
Temporal event,August 2025,48,2.4512295719264454,3.643608360495236,valid
Temporal event,August 2025,49,2.4512295719264454,3.7077503775922693,valid
Temporal event,August 2025,50,2.4512295719264454,3.773842809836985,valid
Temporal event,August 2025,51,2.4512295719264454,3.8419183030203286,valid
Temporal event,August 2025,52,2.4512295719264454,3.912010973230906,valid
Temporal event,August 2025,53,2.4512295719264454,3.984156373926673,valid
Temporal event,August 2025,54,2.4512295719264454,4.058391466366054,valid
Temporal event,August 2025,55,2.4512295719264454,4.134754592995137,valid
Temporal event,August 2025,56,2.4512295719264454,4.213285453441507,valid
Temporal event,August 2025,57,2.4512295719264454,4.294025082667723,valid
Temporal event,August 2025,58,2.4512295719264454,4.377015831071468,valid
Temporal post,October 2016,1,2.9849410427205725,0.24455395273435376,valid
Temporal post,October 2016,2,2.9849410427205725,0.4506359978015133,valid
Temporal post,October 2016,3,2.9849410427205725,0.7449371026264004,valid
Temporal post,October 2016,4,2.9849410427205725,1.0997032839092817,valid
Temporal post,October 2016,5,2.9849410427205725,1.4666645628179835,valid
Temporal post,October 2016,6,2.9849410427205725,1.7991913429719792,valid
Temporal post,October 2016,7,2.9849410427205725,2.068034127553603,valid
Temporal post,October 2016,8,2.9849410427205725,2.2675202966814796,valid
Temporal post,October 2016,9,2.9849410427205725,2.410704225477658,valid
Temporal post,October 2016,10,2.9849410427205725,2.5170448267912198,valid
Temporal post,October 2016,11,2.9849410427205725,2.602790934256621,valid
Temporal post,October 2016,12,2.9849410427205725,2.6783510975545397,valid
Temporal post,October 2016,13,2.9849410427205725,2.749527258659663,valid
Temporal post,October 2016,14,2.9849410427205725,2.8193360955991,valid
Temporal post,October 2016,15,2.9849410427205725,2.8892997162872813,valid
Temporal post,October 2016,16,2.9849410427205725,2.9601822470104757,valid
Temporal post,October 2016,17,2.9849410427205725,3.0323736173199975,valid
Temporal post,October 2016,18,2.9849410427205725,3.1060814422905665,valid
Temporal post,October 2016,19,2.9849410427205725,3.1814251574376176,valid
Temporal post,October 2016,20,2.9849410427205725,3.2584818073211324,valid
Temporal post,October 2016,21,2.9849410427205725,3.3373082381074504,valid
Temporal post,October 2016,22,2.9849410427205725,3.4179518410117,valid
Temporal post,October 2016,23,2.9849410427205725,3.500455753298059,valid
Temporal post,October 2016,24,2.9849410427205725,3.5848613778035485,valid
Temporal post,October 2016,25,2.9849410427205725,3.6712096047703966,valid
Temporal post,October 2016,26,2.9849410427205725,3.759541405156714,valid
Temporal post,October 2016,27,2.9849410427205725,3.849898119148172,valid
Temporal post,October 2016,28,2.9849410427205725,3.9423215965812552,valid
Temporal post,October 2016,29,2.9849410427205725,4.036854265199668,valid
Temporal post,October 2016,30,2.9849410427205725,4.1335391635539835,valid
Temporal post,October 2016,31,2.9849410427205725,4.232419956403856,valid
Temporal post,October 2016,32,2.9849410427205725,4.333540941289645,valid
Temporal post,October 2016,33,2.9849410427205725,4.4369470504775315,valid
Temporal post,October 2016,34,2.9849410427205725,4.542683850313132,valid
Temporal post,October 2016,35,2.9849410427205725,4.650797538962422,valid
Temporal post,October 2016,36,2.9849410427205725,4.761334943005156,valid
Temporal post,October 2016,37,2.9849410427205725,4.874343513094573,valid
Temporal post,October 2016,38,2.9849410427205725,4.989871318775052,valid
Temporal post,October 2016,39,2.9849410427205725,5.107967042488546,valid
Temporal post,October 2016,40,2.9849410427205725,5.228679972778004,valid
Temporal post,October 2016,41,2.9849410427205725,5.352059996661062,valid
Temporal post,October 2016,42,2.9849410427205725,5.478157591175673,valid
Temporal post,October 2016,43,2.9849410427205725,5.607023814061378,valid
Temporal post,October 2016,44,2.9849410427205725,5.738710293557226,valid
Temporal post,October 2016,45,2.9849410427205725,5.873269217294187,valid
Temporal post,October 2016,46,2.9849410427205725,6.010753320257379,valid
Temporal post,October 2016,47,2.9849410427205725,6.151215871795685,valid
Temporal post,October 2016,48,2.9849410427205725,6.2947106616563815,valid
Temporal post,October 2016,49,2.9849410427205725,6.441291985023277,valid
Temporal post,October 2016,50,2.9849410427205725,6.591014626538012,valid
Temporal post,October 2016,51,2.9849410427205725,6.743933843284907,valid
Temporal post,October 2016,52,2.9849410427205725,6.900105346721098,valid
Temporal post,October 2016,53,2.9849410427205725,7.059585283534879,valid
Temporal post,October 2016,54,2.9849410427205725,7.222430215416843,valid
Temporal post,October 2016,55,2.9849410427205725,7.388697097729427,valid
Temporal post,October 2016,56,2.9849410427205725,7.558443257062677,valid
Temporal post,October 2016,57,2.9849410427205725,7.7317263676655585,valid
Temporal post,October 2016,58,2.9849410427205725,7.9086044267438425,valid
Temporal post,July 2017,1,2.9849410427205725,0.2903554360912204,valid
Temporal post,July 2017,2,2.9849410427205725,0.49769866537462915,valid
Temporal post,July 2017,3,2.9849410427205725,0.7779501411624312,valid
Temporal post,July 2017,4,2.9849410427205725,1.1058913038938036,valid
Temporal post,July 2017,5,2.9849410427205725,1.4419925461995096,valid
Temporal post,July 2017,6,2.9849410427205725,1.7484324277623058,valid
Temporal post,July 2017,7,2.9849410427205725,2.001025459444457,valid
Temporal post,July 2017,8,2.9849410427205725,2.1939477401633916,valid
Temporal post,July 2017,9,2.9849410427205725,2.336289300960372,valid
Temporal post,July 2017,10,2.9849410427205725,2.4432849184467313,valid
Temporal post,July 2017,11,2.9849410427205725,2.528845999006883,valid
Temporal post,July 2017,12,2.9849410427205725,2.6027284526266588,valid
Temporal post,July 2017,13,2.9849410427205725,2.670865939822564,valid
Temporal post,July 2017,14,2.9849410427205725,2.7366021547194883,valid
Temporal post,July 2017,15,2.9849410427205725,2.8017511513471938,valid
Temporal post,July 2017,16,2.9849410427205725,2.8672829108434517,valid
Temporal post,July 2017,17,2.9849410427205725,2.9337173672341788,valid
Temporal post,July 2017,18,2.9849410427205725,3.0013386750669984,valid
Temporal post,July 2017,19,2.9849410427205725,3.070308616320565,valid
Temporal post,July 2017,20,2.9849410427205725,3.14072583161807,valid
Temporal post,July 2017,21,2.9849410427205725,3.212656558727577,valid
Temporal post,July 2017,22,2.9849410427205725,3.286150538531146,valid
Temporal post,July 2017,23,2.9849410427205725,3.361249236975457,valid
Temporal post,July 2017,24,2.9849410427205725,3.4379900947466737,valid
Temporal post,July 2017,25,2.9849410427205725,3.516408724928194,valid
Temporal post,July 2017,26,2.9849410427205725,3.5965400505733776,valid
Temporal post,July 2017,27,2.9849410427205725,3.678418894364466,valid
Temporal post,July 2017,28,2.9849410427205725,3.762080284843183,valid
Temporal post,July 2017,29,2.9849410427205725,3.847559615850617,valid
Temporal post,July 2017,30,2.9849410427205725,3.9348927298032343,valid
Temporal post,July 2017,31,2.9849410427205725,4.024115961334285,valid
Temporal post,July 2017,32,2.9849410427205725,4.115266160203493,valid
Temporal post,July 2017,33,2.9849410427205725,4.208380703261263,valid
Temporal post,July 2017,34,2.9849410427205725,4.303497500533709,valid
Temporal post,July 2017,35,2.9849410427205725,4.400654998049536,valid
Temporal post,July 2017,36,2.9849410427205725,4.499892178761982,valid
Temporal post,July 2017,37,2.9849410427205725,4.601248562260665,valid
Temporal post,July 2017,38,2.9849410427205725,4.704764203626688,valid
Temporal post,July 2017,39,2.9849410427205725,4.810479691606055,valid
Temporal post,July 2017,40,2.9849410427205725,4.91843614618422,valid
Temporal post,July 2017,41,2.9849410427205725,5.028675215596081,valid
Temporal post,July 2017,42,2.9849410427205725,5.141239072781026,valid
Temporal post,July 2017,43,2.9849410427205725,5.256170411278866,valid
Temporal post,July 2017,44,2.9849410427205725,5.373512440555913,valid
Temporal post,July 2017,45,2.9849410427205725,5.4933088807462624,valid
Temporal post,July 2017,46,2.9849410427205725,5.615603956798054,valid
Temporal post,July 2017,47,2.9849410427205725,5.740442391992467,valid
Temporal post,July 2017,48,2.9849410427205725,5.8678694008393535,valid
Temporal post,July 2017,49,2.9849410427205725,5.997930681315957,valid
Temporal post,July 2017,50,2.9849410427205725,6.13067240643791,valid
Temporal post,July 2017,51,2.9849410427205725,6.266141215145225,valid
Temporal post,July 2017,52,2.9849410427205725,6.404384202486256,valid
Temporal post,July 2017,53,2.9849410427205725,6.545448909083554,valid
Temporal post,July 2017,54,2.9849410427205725,6.6893833098664075,valid
Temporal post,July 2017,55,2.9849410427205725,6.836235802054432,valid
Temporal post,July 2017,56,2.9849410427205725,6.98605519237865,valid
Temporal post,July 2017,57,2.9849410427205725,7.1388906835256805,valid
Temporal post,July 2017,58,2.9849410427205725,7.294791859792809,valid
Temporal post,August 2022,1,2.9849410427205725,,above_young_maximum
Temporal post,August 2022,2,2.9849410427205725,,above_young_maximum
Temporal post,August 2022,3,2.9849410427205725,,above_young_maximum
Temporal post,August 2022,4,2.9849410427205725,3.230561435446341,valid
Temporal post,August 2022,5,2.9849410427205725,3.208696467149868,valid
Temporal post,August 2022,6,2.9849410427205725,3.1917573015997256,valid
Temporal post,August 2022,7,2.9849410427205725,3.1792885170482506,valid
Temporal post,August 2022,8,2.9849410427205725,3.170905144008616,valid
Temporal post,August 2022,9,2.9849410427205725,3.166279947707295,valid
Temporal post,August 2022,10,2.9849410427205725,3.165133429624765,valid
Temporal post,August 2022,11,2.9849410427205725,3.167225885018195,valid
Temporal post,August 2022,12,2.9849410427205725,3.1723510339384102,valid
Temporal post,August 2022,13,2.9849410427205725,3.1803308698862143,valid
Temporal post,August 2022,14,2.9849410427205725,3.191011460168509,valid
Temporal post,August 2022,15,2.9849410427205725,3.204259497208975,valid
Temporal post,August 2022,16,2.9849410427205725,3.219959447251467,valid
Temporal post,August 2022,17,2.9849410427205725,3.2380111784636014,valid
Temporal post,August 2022,18,2.9849410427205725,3.2583279761874433,valid
Temporal post,August 2022,19,2.9849410427205725,3.2808348732593,valid
Temporal post,August 2022,20,2.9849410427205725,3.3054672384328363,valid
Temporal post,August 2022,21,2.9849410427205725,3.332169577164059,valid
Temporal post,August 2022,22,2.9849410427205725,3.3608945085779283,valid
Temporal post,August 2022,23,2.9849410427205725,3.3916018890241233,valid
Temporal post,August 2022,24,2.9849410427205725,3.4242580583478315,valid
Temporal post,August 2022,25,2.9849410427205725,3.4588351893870275,valid
Temporal post,August 2022,26,2.9849410427205725,3.495310724640227,valid
Temporal post,August 2022,27,2.9849410427205725,3.533666886860715,valid
Temporal post,August 2022,28,2.9849410427205725,3.5738902526450893,valid
Temporal post,August 2022,29,2.9849410427205725,3.615971379814411,valid
Temporal post,August 2022,30,2.9849410427205725,3.6599044810235597,valid
Temporal post,August 2022,31,2.9849410427205725,3.705687137042485,valid
Temporal post,August 2022,32,2.9849410427205725,3.7533200443772685,valid
Temporal post,August 2022,33,2.9849410427205725,3.8028067926413627,valid
Temporal post,August 2022,34,2.9849410427205725,3.8541536676494204,valid
Temporal post,August 2022,35,2.9849410427205725,3.9073694770762444,valid
Temporal post,August 2022,36,2.9849410427205725,3.96246539562744,valid
Temporal post,August 2022,37,2.9849410427205725,4.0194548274306,valid
Temporal post,August 2022,38,2.9849410427205725,4.07835328345454,valid
Temporal post,August 2022,39,2.9849410427205725,4.1391782721006365,valid
Temporal post,August 2022,40,2.9849410427205725,4.201949201465588,valid
Temporal post,August 2022,41,2.9849410427205725,4.266687291790383,valid
Temporal post,August 2022,42,2.9849410427205725,4.333415496978233,valid
Temporal post,August 2022,43,2.9849410427205725,4.40215843405165,valid
Temporal post,August 2022,44,2.9849410427205725,4.472942319729739,valid
Temporal post,August 2022,45,2.9849410427205725,4.545794913118797,valid
Temporal post,August 2022,46,2.9849410427205725,4.6207454640101915,valid
Temporal post,August 2022,47,2.9849410427205725,4.697824666020374,valid
Temporal post,August 2022,48,2.9849410427205725,4.77706461398558,valid
Temporal post,August 2022,49,2.9849410427205725,4.858498765206377,valid
Temporal post,August 2022,50,2.9849410427205725,4.942161904016359,valid
Temporal post,August 2022,51,2.9849410427205725,5.028090109250648,valid
Temporal post,August 2022,52,2.9849410427205725,5.11632072430848,valid
Temporal post,August 2022,53,2.9849410427205725,5.206892329443079,valid
Temporal post,August 2022,54,2.9849410427205725,5.299844715986346,valid
Temporal post,August 2022,55,2.9849410427205725,5.395218862223089,valid
Temporal post,August 2022,56,2.9849410427205725,5.493056910668834,valid
Temporal post,August 2022,57,2.9849410427205725,5.593402146572473,valid
Temporal post,August 2022,58,2.9849410427205725,5.6962989773456485,valid
Temporal post,August 2025,1,2.9849410427205725,,above_young_maximum
Temporal post,August 2025,2,2.9849410427205725,,above_young_maximum
Temporal post,August 2025,3,2.9849410427205725,,above_young_maximum
Temporal post,August 2025,4,2.9849410427205725,3.4092098538604496,valid
Temporal post,August 2025,5,2.9849410427205725,3.34054276224785,valid
Temporal post,August 2025,6,2.9849410427205725,3.283164054065303,valid
Temporal post,August 2025,7,2.9849410427205725,3.2354113824868778,valid
Temporal post,August 2025,8,2.9849410427205725,3.195971133804547,valid
Temporal post,August 2025,9,2.9849410427205725,3.1637904226003837,valid
Temporal post,August 2025,10,2.9849410427205725,3.1380150182745616,valid
Temporal post,August 2025,11,2.9849410427205725,3.1179445668527324,valid
Temporal post,August 2025,12,2.9849410427205725,3.1029996508268844,valid
Temporal post,August 2025,13,2.9849410427205725,3.0926971372618866,valid
Temporal post,August 2025,14,2.9849410427205725,3.08663144543031,valid
Temporal post,August 2025,15,2.9849410427205725,3.0844601178640207,valid
Temporal post,August 2025,16,2.9849410427205725,3.0858925694834785,valid
Temporal post,August 2025,17,2.9849410427205725,3.0906812175547795,valid
Temporal post,August 2025,18,2.9849410427205725,3.0986144182602757,valid
Temporal post,August 2025,19,2.9849410427205725,3.109510790389418,valid
Temporal post,August 2025,20,2.9849410427205725,3.123214615322336,valid
Temporal post,August 2025,21,2.9849410427205725,3.139592080615639,valid
Temporal post,August 2025,22,2.9849410427205725,3.158528190660693,valid
Temporal post,August 2025,23,2.9849410427205725,3.1799242092145157,valid
Temporal post,August 2025,24,2.9849410427205725,3.2036955294852376,valid
Temporal post,August 2025,25,2.9849410427205725,3.2297698902387033,valid
Temporal post,August 2025,26,2.9849410427205725,3.2580858738624663,valid
Temporal post,August 2025,27,2.9849410427205725,3.2885916356946083,valid
Temporal post,August 2025,28,2.9849410427205725,3.321243824069022,valid
Temporal post,August 2025,29,2.9849410427205725,3.3560066586195667,valid
Temporal post,August 2025,30,2.9849410427205725,3.3928511404226036,valid
Temporal post,August 2025,31,2.9849410427205725,3.431754372709836,valid
Temporal post,August 2025,32,2.9849410427205725,3.4726989745552217,valid
Temporal post,August 2025,33,2.9849410427205725,3.5156725732207335,valid
Temporal post,August 2025,34,2.9849410427205725,3.560667363202821,valid
Temporal post,August 2025,35,2.9849410427205725,3.607679722173831,valid
Temporal post,August 2025,36,2.9849410427205725,3.656709875507218,valid
Temporal post,August 2025,37,2.9849410427205725,3.707761602541943,valid
Temporal post,August 2025,38,2.9849410427205725,3.7608419787152556,valid
Temporal post,August 2025,39,2.9849410427205725,3.815961148724341,valid
Temporal post,August 2025,40,2.9849410427205725,3.8731321265144416,valid
Temporal post,August 2025,41,2.9849410427205725,3.93237061850035,valid
Temporal post,August 2025,42,2.9849410427205725,3.9936948670802224,valid
Temporal post,August 2025,43,2.9849410427205725,4.057125511796585,valid
Temporal post,August 2025,44,2.9849410427205725,4.122685465864194,valid
Temporal post,August 2025,45,2.9849410427205725,4.190399806220782,valid
Temporal post,August 2025,46,2.9849410427205725,4.260295675364361,valid
Temporal post,August 2025,47,2.9849410427205725,4.33240219350207,valid
Temporal post,August 2025,48,2.9849410427205725,4.406750379819968,valid
Temporal post,August 2025,49,2.9849410427205725,4.483373081653525,valid
Temporal post,August 2025,50,2.9849410427205725,4.562304910668011,valid
Temporal post,August 2025,51,2.9849410427205725,4.643582185158884,valid
Temporal post,August 2025,52,2.9849410427205725,4.727242877673234,valid
Temporal post,August 2025,53,2.9849410427205725,4.813326567322157,valid
Temporal post,August 2025,54,2.9849410427205725,4.9018743961634925,valid
Temporal post,August 2025,55,2.9849410427205725,4.992929029102342,valid
Temporal post,August 2025,56,2.9849410427205725,5.0865346168425205,valid
Temporal post,August 2025,57,2.9849410427205725,5.182736761446556,valid
Temporal post,August 2025,58,2.9849410427205725,5.281582484097797,valid
Dormant integrated,October 2016,1,5.043838491757461,0.39108915968378843,valid
Dormant integrated,October 2016,2,5.043838491757461,0.6980872516315546,valid
Dormant integrated,October 2016,3,5.043838491757461,1.1193218616105336,valid
Dormant integrated,October 2016,4,5.043838491757461,1.6197476441361043,valid
Dormant integrated,October 2016,5,5.043838491757461,2.1502607652716828,valid
Dormant integrated,October 2016,6,5.043838491757461,2.6656081110200307,valid
Dormant integrated,October 2016,7,5.043838491757461,3.1306765733612916,valid
Dormant integrated,October 2016,8,5.043838491757461,3.522336368898193,valid
Dormant integrated,October 2016,9,5.043838491757461,3.8323600059688463,valid
Dormant integrated,October 2016,10,5.043838491757461,4.068785787200835,valid
Dormant integrated,October 2016,11,5.043838491757461,4.250583742356772,valid
Dormant integrated,October 2016,12,5.043838491757461,4.39815229254146,valid
Dormant integrated,October 2016,13,5.043838491757461,4.527067186203574,valid
Dormant integrated,October 2016,14,5.043838491757461,4.647097974441921,valid
Dormant integrated,October 2016,15,5.043838491757461,4.763734930559577,valid
Dormant integrated,October 2016,16,5.043838491757461,4.87989608775843,valid
Dormant integrated,October 2016,17,5.043838491757461,4.997098092574616,valid
Dormant integrated,October 2016,18,5.043838491757461,5.116130058603158,valid
Dormant integrated,October 2016,19,5.043838491757461,5.237412179754195,valid
Dormant integrated,October 2016,20,5.043838491757461,5.361179710488491,valid
Dormant integrated,October 2016,21,5.043838491757461,5.487575752186933,valid
Dormant integrated,October 2016,22,5.043838491757461,5.616697690893183,valid
Dormant integrated,October 2016,23,5.043838491757461,5.748620367665808,valid
Dormant integrated,October 2016,24,5.043838491757461,5.883407629481951,valid
Dormant integrated,October 2016,25,5.043838491757461,6.021118087500522,valid
Dormant integrated,October 2016,26,5.043838491757461,6.161807987317026,valid
Dormant integrated,October 2016,27,5.043838491757461,6.305532637846927,valid
Dormant integrated,October 2016,28,5.043838491757461,6.452347119616295,valid
Dormant integrated,October 2016,29,5.043838491757461,6.602306631965366,valid
Dormant integrated,October 2016,30,5.043838491757461,6.755466658737642,valid
Dormant integrated,October 2016,31,5.043838491757461,6.911883042271377,valid
Dormant integrated,October 2016,32,5.043838491757461,7.0716120107318226,valid
Dormant integrated,October 2016,33,5.043838491757461,7.234710181362377,valid
Dormant integrated,October 2016,34,5.043838491757461,7.401234551024423,valid
Dormant integrated,October 2016,35,5.043838491757461,7.571242479746132,valid
Dormant integrated,October 2016,36,5.043838491757461,7.744791670165309,valid
Dormant integrated,October 2016,37,5.043838491757461,7.92194014432323,valid
Dormant integrated,October 2016,38,5.043838491757461,8.102746218546397,valid
Dormant integrated,October 2016,39,5.043838491757461,8.287268476789432,valid
Dormant integrated,October 2016,40,5.043838491757461,8.475565742629353,valid
Dormant integrated,October 2016,41,5.043838491757461,8.667697050009728,valid
Dormant integrated,October 2016,42,5.043838491757461,8.863721612787835,valid
Dormant integrated,October 2016,43,5.043838491757461,9.063698793115954,valid
Dormant integrated,October 2016,44,5.043838491757461,9.267688068678332,valid
Dormant integrated,October 2016,45,5.043838491757461,9.475748998801592,valid
Dormant integrated,October 2016,46,5.043838491757461,9.687941189456431,valid
Dormant integrated,October 2016,47,5.043838491757461,9.904324257169378,valid
Dormant integrated,October 2016,48,5.043838491757461,10.124957791865938,valid
Dormant integrated,October 2016,49,5.043838491757461,10.349901318669353,valid
Dormant integrated,October 2016,50,5.043838491757461,10.579214258681915,valid
Dormant integrated,October 2016,51,5.043838491757461,10.812955888779626,valid
Dormant integrated,October 2016,52,5.043838491757461,11.05118530045386,valid
Dormant integrated,October 2016,53,5.043838491757461,11.29396135773743,valid
Dormant integrated,October 2016,54,5.043838491757461,11.541342654256198,valid
Dormant integrated,October 2016,55,5.043838491757461,11.79338746945033,valid
Dormant integrated,October 2016,56,5.043838491757461,12.050153724013526,valid
Dormant integrated,October 2016,57,5.043838491757461,12.31169893460195,valid
Dormant integrated,October 2016,58,5.043838491757461,12.578080167867682,valid
Dormant integrated,July 2017,1,5.043838491757461,0.46311869370501946,valid
Dormant integrated,July 2017,2,5.043838491757461,0.7724005500148237,valid
Dormant integrated,July 2017,3,5.043838491757461,1.1776417241023678,valid
Dormant integrated,July 2017,4,5.043838491757461,1.6480060626764303,valid
Dormant integrated,July 2017,5,5.043838491757461,2.1423141850509775,valid
Dormant integrated,July 2017,6,5.043838491757461,2.6218053014675973,valid
Dormant integrated,July 2017,7,5.043838491757461,3.0558665640088822,valid
Dormant integrated,July 2017,8,5.043838491757461,3.424551079537081,valid
Dormant integrated,July 2017,9,5.043838491757461,3.7208620469278486,valid
Dormant integrated,July 2017,10,5.043838491757461,3.9510763290043682,valid
Dormant integrated,July 2017,11,5.043838491757461,4.130395617805875,valid
Dormant integrated,July 2017,12,5.043838491757461,4.275884053516666,valid
Dormant integrated,July 2017,13,5.043838491757461,4.4014411365383825,valid
Dormant integrated,July 2017,14,5.043838491757461,4.516459710723005,valid
Dormant integrated,July 2017,15,5.043838491757461,4.62662930799282,valid
Dormant integrated,July 2017,16,5.043838491757461,4.735194665941711,valid
Dormant integrated,July 2017,17,5.043838491757461,4.843952856381071,valid
Dormant integrated,July 2017,18,5.043838491757461,4.953890614397251,valid
Dormant integrated,July 2017,19,5.043838491757461,5.065554142842112,valid
Dormant integrated,July 2017,20,5.043838491757461,5.179253753208059,valid
Dormant integrated,July 2017,21,5.043838491757461,5.295174453640316,valid
Dormant integrated,July 2017,22,5.043838491757461,5.41343501194984,valid
Dormant integrated,July 2017,23,5.043838491757461,5.534119324237913,valid
Dormant integrated,July 2017,24,5.043838491757461,5.6572930351006505,valid
Dormant integrated,July 2017,25,5.043838491757461,5.783012336757501,valid
Dormant integrated,July 2017,26,5.043838491757461,5.9113286271964895,valid
Dormant integrated,July 2017,27,5.043838491757461,6.042290976139245,valid
Dormant integrated,July 2017,28,5.043838491757461,6.1759474297230845,valid
Dormant integrated,July 2017,29,5.043838491757461,6.312345699265972,valid
Dormant integrated,July 2017,30,5.043838491757461,6.451533522816408,valid
Dormant integrated,July 2017,31,5.043838491757461,6.593558852470835,valid
Dormant integrated,July 2017,32,5.043838491757461,6.738469948618537,valid
Dormant integrated,July 2017,33,5.043838491757461,6.886315424224922,valid
Dormant integrated,July 2017,34,5.043838491757461,7.037144262081796,valid
Dormant integrated,July 2017,35,5.043838491757461,7.191005817241315,valid
Dormant integrated,July 2017,36,5.043838491757461,7.347949811128586,valid
Dormant integrated,July 2017,37,5.043838491757461,7.508026320828506,valid
Dormant integrated,July 2017,38,5.043838491757461,7.67128576538407,valid
Dormant integrated,July 2017,39,5.043838491757461,7.837778890105735,valid
Dormant integrated,July 2017,40,5.043838491757461,8.007556749418288,valid
Dormant integrated,July 2017,41,5.043838491757461,8.180670688526789,valid
Dormant integrated,July 2017,42,5.043838491757461,8.357172324051483,valid
Dormant integrated,July 2017,43,5.043838491757461,8.537113523710978,valid
Dormant integrated,July 2017,44,5.043838491757461,8.72054638509556,valid
Dormant integrated,July 2017,45,5.043838491757461,8.907523213553894,valid
Dormant integrated,July 2017,46,5.043838491757461,9.098096499205987,valid
Dormant integrated,July 2017,47,5.043838491757461,9.29231889309115,valid
Dormant integrated,July 2017,48,5.043838491757461,9.490243182458173,valid
Dormant integrated,July 2017,49,5.043838491757461,9.691922265204866,valid
Dormant integrated,July 2017,50,5.043838491757461,9.89740912347505,valid
Dormant integrated,July 2017,51,5.043838491757461,10.106756796422317,valid
Dormant integrated,July 2017,52,5.043838491757461,10.320018352152069,valid
Dormant integrated,July 2017,53,5.043838491757461,10.537246858854587,valid
Dormant integrated,July 2017,54,5.043838491757461,10.758495355144596,valid
Dormant integrated,July 2017,55,5.043838491757461,10.983816819624515,valid
Dormant integrated,July 2017,56,5.043838491757461,11.213264139690807,valid
Dormant integrated,July 2017,57,5.043838491757461,11.446890079605438,valid
Dormant integrated,July 2017,58,5.043838491757461,11.684747247856407,valid
Dormant integrated,August 2022,1,5.043838491757461,,above_young_maximum
Dormant integrated,August 2022,2,5.043838491757461,,above_young_maximum
Dormant integrated,August 2022,3,5.043838491757461,,above_young_maximum
Dormant integrated,August 2022,4,5.043838491757461,,above_young_maximum
Dormant integrated,August 2022,5,5.043838491757461,,above_young_maximum
Dormant integrated,August 2022,6,5.043838491757461,5.431784517976611,valid
Dormant integrated,August 2022,7,5.043838491757461,5.401625221239719,valid
Dormant integrated,August 2022,8,5.043838491757461,5.379286500475275,valid
Dormant integrated,August 2022,9,5.043838491757461,5.364048242689609,valid
Dormant integrated,August 2022,10,5.043838491757461,5.35530372658647,valid
Dormant integrated,August 2022,11,5.043838491757461,5.352538592964562,valid
Dormant integrated,August 2022,12,5.043838491757461,5.355314456311568,valid
Dormant integrated,August 2022,13,5.043838491757461,5.363255984340256,valid
Dormant integrated,August 2022,14,5.043838491757461,5.376040604192847,valid
Dormant integrated,August 2022,15,5.043838491757461,5.393390222838033,valid
Dormant integrated,August 2022,16,5.043838491757461,5.4150645091648055,valid
Dormant integrated,August 2022,17,5.043838491757461,5.440855399696728,valid
Dormant integrated,August 2022,18,5.043838491757461,5.470582571731795,valid
Dormant integrated,August 2022,19,5.043838491757461,5.504089688222891,valid
Dormant integrated,August 2022,20,5.043838491757461,5.541241263252399,valid
Dormant integrated,August 2022,21,5.043838491757461,5.581920030007982,valid
Dormant integrated,August 2022,22,5.043838491757461,5.626024718742833,valid
Dormant integrated,August 2022,23,5.043838491757461,5.673468171261131,valid
Dormant integrated,August 2022,24,5.043838491757461,5.724175733198258,valid
Dormant integrated,August 2022,25,5.043838491757461,5.778083877054819,valid
Dormant integrated,August 2022,26,5.043838491757461,5.835139017865664,valid
Dormant integrated,August 2022,27,5.043838491757461,5.895296490337088,valid
Dormant integrated,August 2022,28,5.043838491757461,5.958519662222553,valid
Dormant integrated,August 2022,29,5.043838491757461,6.024779162803878,valid
Dormant integrated,August 2022,30,5.043838491757461,6.09405220941354,valid
Dormant integrated,August 2022,31,5.043838491757461,6.1663220173362205,valid
Dormant integrated,August 2022,32,5.043838491757461,6.241577281292955,valid
Dormant integrated,August 2022,33,5.043838491757461,6.319811718282239,valid
Dormant integrated,August 2022,34,5.043838491757461,6.401023663299053,valid
Dormant integrated,August 2022,35,5.043838491757461,6.48521571081174,valid
Dormant integrated,August 2022,36,5.043838491757461,6.572394395764622,valid
Dormant integrated,August 2022,37,5.043838491757461,6.662569908994513,valid
Dormant integrated,August 2022,38,5.043838491757461,6.755755842575102,valid
Dormant integrated,August 2022,39,5.043838491757461,6.851968961255444,valid
Dormant integrated,August 2022,40,5.043838491757461,6.951228996670352,valid
Dormant integrated,August 2022,41,5.043838491757461,7.0535584615391045,valid
Dormant integrated,August 2022,42,5.043838491757461,7.158982481326483,valid
Dormant integrated,August 2022,43,5.043838491757461,7.267528641218881,valid
Dormant integrated,August 2022,44,5.043838491757461,7.379226846619666,valid
Dormant integrated,August 2022,45,5.043838491757461,7.494109195355151,valid
Dormant integrated,August 2022,46,5.043838491757461,7.612209860370257,valid
Dormant integrated,August 2022,47,5.043838491757461,7.733564981467538,valid
Dormant integrated,August 2022,48,5.043838491757461,7.85821256507306,valid
Dormant integrated,August 2022,49,5.043838491757461,7.986192390987753,valid
Dormant integrated,August 2022,50,5.043838491757461,8.117545925330276,valid
Dormant integrated,August 2022,51,5.043838491757461,8.252316238756315,valid
Dormant integrated,August 2022,52,5.043838491757461,8.39054792942052,valid
Dormant integrated,August 2022,53,5.043838491757461,8.532287049931831,valid
Dormant integrated,August 2022,54,5.043838491757461,8.677581037836973,valid
Dormant integrated,August 2022,55,5.043838491757461,8.826478649087925,valid
Dormant integrated,August 2022,56,5.043838491757461,8.979029894056879,valid
Dormant integrated,August 2022,57,5.043838491757461,9.13528597572045,valid
Dormant integrated,August 2022,58,5.043838491757461,9.295299229653388,valid
Dormant integrated,August 2025,1,5.043838491757461,,above_young_maximum
Dormant integrated,August 2025,2,5.043838491757461,,above_young_maximum
Dormant integrated,August 2025,3,5.043838491757461,,above_young_maximum
Dormant integrated,August 2025,4,5.043838491757461,,above_young_maximum
Dormant integrated,August 2025,5,5.043838491757461,,above_young_maximum
Dormant integrated,August 2025,6,5.043838491757461,5.6741288839807495,valid
Dormant integrated,August 2025,7,5.043838491757461,5.5708085655886705,valid
Dormant integrated,August 2025,8,5.043838491757461,5.485416429217368,valid
Dormant integrated,August 2025,9,5.043838491757461,5.41525196860742,valid
Dormant integrated,August 2025,10,5.043838491757461,5.358204798477947,valid
Dormant integrated,August 2025,11,5.043838491757461,5.312598150827345,valid
Dormant integrated,August 2025,12,5.043838491757461,5.277081036126792,valid
Dormant integrated,August 2025,13,5.043838491757461,5.250551935409724,valid
Dormant integrated,August 2025,14,5.043838491757461,5.232103557766461,valid
Dormant integrated,August 2025,15,5.043838491757461,5.220982047896731,valid
Dormant integrated,August 2025,16,5.043838491757461,5.21655633612113,valid
Dormant integrated,August 2025,17,5.043838491757461,5.218294752767701,valid
Dormant integrated,August 2025,18,5.043838491757461,5.225746939426786,valid
Dormant integrated,August 2025,19,5.043838491757461,5.238529684624439,valid
Dormant integrated,August 2025,20,5.043838491757461,5.25631570913689,valid
Dormant integrated,August 2025,21,5.043838491757461,5.27882469708752,valid
Dormant integrated,August 2025,22,5.043838491757461,5.305816057314573,valid
Dormant integrated,August 2025,23,5.043838491757461,5.33708303195565,valid
Dormant integrated,August 2025,24,5.043838491757461,5.372447864700803,valid
Dormant integrated,August 2025,25,5.043838491757461,5.411757809722673,valid
Dormant integrated,August 2025,26,5.043838491757461,5.4548818133801085,valid
Dormant integrated,August 2025,27,5.043838491757461,5.501707738405308,valid
Dormant integrated,August 2025,28,5.043838491757461,5.552140028593147,valid
Dormant integrated,August 2025,29,5.043838491757461,5.606097733681686,valid
Dormant integrated,August 2025,30,5.043838491757461,5.6635128304392985,valid
Dormant integrated,August 2025,31,5.043838491757461,5.724328788851832,valid
Dormant integrated,August 2025,32,5.043838491757461,5.78849934220046,valid
Dormant integrated,August 2025,33,5.043838491757461,5.855987427505003,valid
Dormant integrated,August 2025,34,5.043838491757461,5.92676426915283,valid
Dormant integrated,August 2025,35,5.043838491757461,6.000808583245927,valid
Dormant integrated,August 2025,36,5.043838491757461,6.078105884185582,valid
Dormant integrated,August 2025,37,5.043838491757461,6.158647878280455,valid
Dormant integrated,August 2025,38,5.043838491757461,6.242431931474112,valid
Dormant integrated,August 2025,39,5.043838491757461,6.329460600643728,valid
Dormant integrated,August 2025,40,5.043838491757461,6.41974121939753,valid
Dormant integrated,August 2025,41,5.043838491757461,6.513285530849991,valid
Dormant integrated,August 2025,42,5.043838491757461,6.610109360897532,valid
Dormant integrated,August 2025,43,5.043838491757461,6.710232326589278,valid
Dormant integrated,August 2025,44,5.043838491757461,6.813677574849493,valid
Dormant integrated,August 2025,45,5.043838491757461,6.920471547630768,valid
Dormant integrated,August 2025,46,5.043838491757461,7.030643769954395,valid
Dormant integrated,August 2025,47,5.043838491757461,7.144226657972794,valid
Dormant integrated,August 2025,48,5.043838491757461,7.26125534437859,valid
Dormant integrated,August 2025,49,5.043838491757461,7.381767519013529,valid
Dormant integrated,August 2025,50,5.043838491757461,7.505803282639796,valid
Dormant integrated,August 2025,51,5.043838491757461,7.633405012232316,valid
Dormant integrated,August 2025,52,5.043838491757461,7.764617236295685,valid
Dormant integrated,August 2025,53,5.043838491757461,7.899486518845407,valid
Dormant integrated,August 2025,54,5.043838491757461,8.038061350935529,valid
Dormant integrated,August 2025,55,5.043838491757461,8.180392048709948,valid
Dormant integrated,August 2025,56,5.043838491757461,8.326530657053716,valid
Dormant integrated,August 2025,57,5.043838491757461,8.476530858033463,valid
Dormant integrated,August 2025,58,5.043838491757461,8.630447883446806,valid
