age_int,attention,n,sd,age,snapshot
0,71.08661417322834,254,11.840857530936708,0.7999999999999545,2016-10
1,61.95238095238095,315,10.5998866888376,1.799999999999954,2016-10
2,57.30685920577617,277,11.01002786783008,2.7999999999999545,2016-10
3,54.83552631578947,304,10.67116906561919,3.7999999999999545,2016-10
4,51.12,275,11.21505765692603,4.7999999999999545,2016-10
5,47.88630490956072,387,12.25537815915477,5.799999999999954,2016-10
6,47.95142857142857,350,10.883095153998537,6.7999999999999545,2016-10
7,45.72542372881356,295,11.076536352034356,7.799999999999955,2016-10
8,46.30313588850174,287,11.06728107583519,8.799999999999955,2016-10
9,47.5450643776824,233,10.927617816252496,9.799999999999956,2016-10
10,45.33730158730159,252,12.324033037083309,10.799999999999956,2016-10
11,45.074074074074076,243,11.759762370868035,11.799999999999956,2016-10
12,44.798122065727696,213,12.918160255286203,12.799999999999956,2016-10
13,43.262135922330096,206,13.779065892831634,13.799999999999956,2016-10
14,40.5,182,12.763791154703368,14.799999999999956,2016-10
15,40.59756097560975,164,13.034978667465847,15.799999999999958,2016-10
16,39.758620689655174,174,12.517239457469799,16.799999999999955,2016-10
17,39.178082191780824,146,13.710647728106517,17.799999999999955,2016-10
18,33.08720930232558,172,14.837066721276438,18.799999999999955,2016-10
19,31.891025641025642,156,14.273175254458959,19.799999999999955,2016-10
20,34.08783783783784,148,13.875505287878088,20.799999999999955,2016-10
21,34.31137724550898,167,12.787373380459583,21.799999999999955,2016-10
22,33.72727272727273,143,12.12039476544252,22.799999999999955,2016-10
23,33.71917808219178,146,14.135181420928093,23.799999999999955,2016-10
24,31.923664122137403,131,12.28796679721243,24.799999999999955,2016-10
25,28.084415584415584,154,13.875709390663044,25.799999999999955,2016-10
26,28.672619047619047,168,12.648399119459507,26.799999999999955,2016-10
27,28.801242236024844,161,13.334082212406106,27.799999999999955,2016-10
28,28.944751381215468,181,12.882685950490147,28.799999999999955,2016-10
29,29.15625,160,13.33767863549155,29.799999999999955,2016-10
30,28.795180722891565,166,13.726558231262203,30.79999999999995,2016-10
31,26.824324324324323,148,13.06796270274064,31.799999999999955,2016-10
32,27.06875,160,13.30962760962598,32.799999999999955,2016-10
33,25.21759259259259,216,13.027122537970302,33.799999999999955,2016-10
34,24.502439024390245,205,12.78350054479843,34.799999999999955,2016-10
35,24.33175355450237,211,13.635523852053787,35.799999999999955,2016-10
36,23.307692307692307,195,13.376302029608619,36.799999999999955,2016-10
37,24.704545454545453,220,13.35804709405062,37.79999999999995,2016-10
38,22.572192513368982,187,14.5442919005179,38.799999999999955,2016-10
39,21.886255924170616,211,14.681259538249058,39.799999999999955,2016-10
40,20.88695652173913,230,13.3339801121529,40.799999999999955,2016-10
41,20.248945147679326,237,12.604867272895717,41.799999999999955,2016-10
42,20.82608695652174,253,12.438156192482838,42.799999999999955,2016-10
43,21.693548387096776,248,13.121159114490252,43.799999999999955,2016-10
44,19.294573643410853,258,12.327188703634844,44.799999999999955,2016-10
45,18.214285714285715,280,13.351216885344515,45.799999999999955,2016-10
46,18.110344827586207,290,12.446490169029223,46.799999999999955,2016-10
47,17.315457413249213,317,12.32015615380077,47.799999999999955,2016-10
48,16.938080495356036,323,12.635201936695674,48.799999999999955,2016-10
49,18.0,358,12.533875666197043,49.799999999999955,2016-10
50,15.656151419558359,317,12.010480721722708,50.799999999999955,2016-10
51,15.613636363636363,308,12.353773075840326,51.799999999999955,2016-10
52,15.753424657534246,292,13.123553309285487,52.799999999999955,2016-10
53,13.462295081967213,305,11.100885513730697,53.799999999999955,2016-10
54,12.268608414239482,309,10.302676726585494,54.799999999999955,2016-10
55,13.510791366906474,278,11.975526732745921,55.799999999999955,2016-10
56,13.743589743589743,234,11.578916644642767,56.799999999999955,2016-10
57,13.330097087378642,206,11.06467757083891,57.799999999999955,2016-10
58,14.241379310344827,116,11.969250958842084,58.799999999999955,2016-10
0,76.33561643835617,146,10.111296105234379,0.5499999999999545,2017-07
1,68.30084745762711,236,11.07722214016624,1.5499999999999543,2017-07
2,62.00934579439252,214,12.582867349841797,2.5499999999999545,2017-07
3,58.59183673469388,196,12.564775129106078,3.5499999999999545,2017-07
4,56.28909952606635,211,12.657646837820996,4.5499999999999545,2017-07
5,53.20603015075377,199,12.402051142635274,5.5499999999999545,2017-07
6,49.46289752650177,283,12.974382892173498,6.5499999999999545,2017-07
7,50.18115942028985,276,11.005939227854205,7.549999999999956,2017-07
8,48.95348837209303,258,11.392782523180491,8.549999999999955,2017-07
9,49.8421052631579,228,12.619877298822242,9.549999999999956,2017-07
10,51.276595744680854,188,11.196260123607786,10.549999999999956,2017-07
11,49.048780487804876,205,12.673407428881983,11.549999999999956,2017-07
12,50.009302325581395,215,11.968803177886077,12.549999999999956,2017-07
13,46.693251533742334,163,13.590724545926678,13.549999999999956,2017-07
14,47.375,168,13.78130622247415,14.549999999999958,2017-07
15,45.34640522875817,153,12.927592003885326,15.549999999999956,2017-07
16,44.13986013986014,143,14.409797820224197,16.549999999999955,2017-07
17,42.97530864197531,162,12.875876918714605,17.549999999999955,2017-07
18,42.54676258992806,139,15.117521757249412,18.549999999999955,2017-07
19,35.943396226415096,159,16.14540154112897,19.549999999999955,2017-07
20,34.90963855421687,166,14.771726592894684,20.549999999999955,2017-07
21,36.089171974522294,157,14.47605263706251,21.549999999999955,2017-07
22,38.05714285714286,175,13.09896647924187,22.549999999999955,2017-07
23,37.27333333333333,150,13.266446885861768,23.549999999999955,2017-07
24,36.608695652173914,161,15.327741970461386,24.549999999999955,2017-07
25,34.645161290322584,155,13.588450947850097,25.549999999999955,2017-07
26,30.463917525773194,194,15.030236782369572,26.549999999999958,2017-07
27,32.776041666666664,192,14.012217890760555,27.549999999999955,2017-07
28,32.252747252747255,182,14.572807043191313,28.54999999999995,2017-07
29,33.27918781725889,197,13.758419438999624,29.549999999999955,2017-07
30,31.790055248618785,181,14.743364251125833,30.549999999999955,2017-07
31,31.935323383084576,201,14.411481395744868,31.549999999999955,2017-07
32,31.128342245989305,187,14.560758832379275,32.549999999999955,2017-07
33,29.556122448979593,196,15.292093256632487,33.549999999999955,2017-07
34,28.3,250,14.167174571570914,34.549999999999955,2017-07
35,27.804979253112034,241,14.074183520559947,35.549999999999955,2017-07
36,26.371900826446282,242,14.656867723889743,36.549999999999955,2017-07
37,26.791304347826088,230,14.488059020670912,37.549999999999955,2017-07
38,28.03846153846154,260,14.731000509211041,38.549999999999955,2017-07
39,26.12093023255814,215,15.025034531808089,39.549999999999955,2017-07
40,25.08823529411765,238,15.116306764749332,40.549999999999955,2017-07
41,23.884892086330936,278,14.290477573065598,41.549999999999955,2017-07
42,24.391304347826086,276,14.014504062244656,42.549999999999955,2017-07
43,23.418772563176894,277,13.778977684290373,43.549999999999955,2017-07
44,24.645756457564577,271,13.950971374639936,44.549999999999955,2017-07
45,22.54225352112676,284,14.148192577413722,45.549999999999955,2017-07
46,20.42950819672131,305,14.215763862400937,46.549999999999955,2017-07
47,20.633663366336634,303,13.508194304069704,47.549999999999955,2017-07
48,19.846153846153847,351,13.089329602792859,48.549999999999955,2017-07
49,19.18051575931232,349,13.881438395106466,49.54999999999995,2017-07
50,20.281653746770026,387,13.209972263643216,50.54999999999996,2017-07
51,17.656565656565657,396,13.079241735588372,51.549999999999955,2017-07
52,17.99462365591398,372,13.289031332882736,52.549999999999955,2017-07
53,16.202857142857145,350,13.035613236197092,53.54999999999996,2017-07
54,16.017543859649123,342,11.78769858530296,54.549999999999955,2017-07
55,14.888235294117647,340,11.488836821362518,55.549999999999955,2017-07
56,14.537396121883656,361,12.329700495636379,56.549999999999955,2017-07
57,14.651006711409396,298,12.261695399384822,57.549999999999955,2017-07
58,13.613636363636363,264,11.649930385256999,58.549999999999955,2017-07
59,12.371428571428572,140,10.895410463471448,59.54999999999995,2017-07
0,66.2072072072072,111,14.051280832667638,0.650000000000091,2022-08
1,65.33753148614609,397,14.124515794047737,1.650000000000091,2022-08
2,63.377990430622006,418,11.506882260509249,2.650000000000091,2022-08
3,64.1547619047619,336,13.083880064991492,3.650000000000091,2022-08
4,63.01445086705202,346,12.231928728627253,4.650000000000091,2022-08
5,63.254752851711025,263,12.41396830202051,5.650000000000091,2022-08
6,61.3794466403162,253,13.692132650466645,6.650000000000091,2022-08
7,57.61135371179039,229,15.671575912475411,7.650000000000091,2022-08
8,56.00961538461539,208,15.495671948215689,8.650000000000091,2022-08
9,54.009009009009006,222,16.524762986913732,9.650000000000093,2022-08
10,52.84905660377358,212,15.139347968974455,10.650000000000093,2022-08
11,50.306666666666665,300,15.037943833450623,11.650000000000093,2022-08
12,50.10394265232975,279,14.815894836129901,12.650000000000093,2022-08
13,50.91417910447761,268,12.974626075364059,13.650000000000093,2022-08
14,51.983193277310924,238,14.893423459157882,14.650000000000093,2022-08
15,52.695,200,13.333072757085244,15.650000000000093,2022-08
16,51.19178082191781,219,14.46729072572215,16.65000000000009,2022-08
17,52.551886792452834,212,14.258352378058495,17.65000000000009,2022-08
18,48.676300578034684,173,14.871518125295351,18.65000000000009,2022-08
19,48.77401129943503,177,15.634126507706227,19.65000000000009,2022-08
20,49.374233128834355,163,14.086192297831529,20.65000000000009,2022-08
21,47.90604026845637,149,15.557366501366065,21.65000000000009,2022-08
22,44.80203045685279,197,15.998609503962905,22.650000000000087,2022-08
23,44.065934065934066,182,17.00523299230859,23.65000000000009,2022-08
24,40.40816326530612,196,17.25188164226873,24.65000000000009,2022-08
25,41.28409090909091,176,15.912222697311373,25.65000000000009,2022-08
26,41.70198675496689,151,15.408134086465177,26.65000000000009,2022-08
27,41.3021978021978,182,13.882772646645485,27.65000000000009,2022-08
28,42.86910994764398,191,14.799667092395781,28.650000000000095,2022-08
29,42.243781094527364,201,16.415702045049446,29.650000000000087,2022-08
30,38.41981132075472,212,15.468916515492722,30.65000000000009,2022-08
31,34.88477366255144,243,16.467947036510648,31.650000000000095,2022-08
32,37.15767634854772,241,15.848239689152015,32.65000000000009,2022-08
33,36.48117154811715,239,16.459227096218747,33.65000000000009,2022-08
34,37.9051724137931,232,16.048076281944113,34.65000000000009,2022-08
35,36.81974248927039,233,16.885571935489036,35.65000000000009,2022-08
36,38.03862660944206,233,15.901996778830766,36.65000000000009,2022-08
37,36.53556485355649,239,16.600780544920422,37.65000000000009,2022-08
38,36.49771689497717,219,15.839033896154174,38.65000000000009,2022-08
39,35.46785714285714,280,15.73340973125767,39.65000000000009,2022-08
40,33.97328244274809,262,16.74107676504871,40.65000000000009,2022-08
41,33.52325581395349,258,17.596245671505322,41.65000000000009,2022-08
42,32.204819277108435,249,16.149572327412777,42.65000000000009,2022-08
43,33.305263157894736,285,18.059413107271663,43.65000000000009,2022-08
44,31.374485596707817,243,17.636471626977198,44.65000000000009,2022-08
45,29.834586466165412,266,18.125216647190445,45.65000000000009,2022-08
46,27.8,310,17.28923940931904,46.65000000000009,2022-08
47,27.561728395061728,324,16.750746522997268,47.65000000000009,2022-08
48,28.253205128205128,312,16.058674248923175,48.65000000000009,2022-08
49,28.272131147540982,305,16.01874037309546,49.65000000000009,2022-08
50,26.52173913043478,322,16.655044030865028,50.65000000000009,2022-08
51,24.551204819277107,332,16.74061305425349,51.6500000000001,2022-08
52,22.28767123287671,365,15.962076839636893,52.65000000000009,2022-08
53,22.58,400,15.183046870793154,53.65000000000009,2022-08
54,22.225806451612904,434,15.77130663862299,54.65000000000009,2022-08
55,21.671610169491526,472,14.77920295092718,55.65000000000009,2022-08
56,21.085470085470085,468,14.87309494731132,56.650000000000084,2022-08
57,21.08705882352941,425,15.160445277065255,57.65000000000009,2022-08
58,19.970223325062033,403,15.190632970666641,58.65000000000009,2022-08
59,18.671679197994987,399,14.12915923332121,59.65000000000009,2022-08
60,18.208333333333332,408,13.949830401218806,60.65000000000009,2022-08
61,17.986078886310906,431,14.630639757214656,61.65000000000009,2022-08
62,18.038123167155426,341,15.337622371037497,62.65000000000009,2022-08
63,17.003225806451614,310,14.128970991395915,63.65000000000009,2022-08
64,16.420212765957448,188,13.722186880694826,64.65000000000009,2022-08
0,72.53164556962025,395,9.350799313044954,0.650000000000091,2025
1,67.89503816793894,524,9.979062890594918,1.650000000000091,2025
2,65.10794297352342,491,10.558803177231638,2.650000000000091,2025
3,62.744,500,11.067223267907961,3.650000000000091,2025
4,61.477223427331886,461,10.743553258662189,4.650000000000091,2025
5,60.83089770354906,479,10.612941369208158,5.650000000000091,2025
6,64.83651226158038,367,10.241642032325283,6.650000000000091,2025
7,62.047120418848166,382,11.5243838070607,7.650000000000091,2025
8,62.780575539568346,278,11.585440743134665,8.650000000000091,2025
9,62.10727969348659,261,12.301812900885537,9.650000000000093,2025
10,59.586776859504134,242,13.77361083896894,10.650000000000093,2025
11,57.60765550239235,209,14.94570747341024,11.650000000000093,2025
12,56.28095238095238,210,13.81982900508465,12.650000000000093,2025
13,50.9,220,17.567066530414753,13.650000000000093,2025
14,48.14968152866242,314,18.06448910629401,14.650000000000095,2025
15,50.01013513513514,296,16.057414950636698,15.650000000000095,2025
16,50.31768953068592,277,15.76549655414988,16.65000000000009,2025
17,52.5761316872428,243,16.680188372673612,17.650000000000095,2025
18,53.01932367149758,207,15.233127337234398,18.65000000000009,2025
19,50.943231441048034,229,15.737744049183272,19.650000000000087,2025
20,53.05882352941177,221,15.802507754685598,20.650000000000087,2025
21,49.31460674157304,178,15.323329214177184,21.65000000000009,2025
22,50.26923076923077,182,15.896732992882658,22.65000000000009,2025
23,49.67455621301775,169,14.81535171297873,23.65000000000009,2025
24,49.1437125748503,167,16.42004191514755,24.650000000000095,2025
25,45.51923076923077,208,16.70111267619067,25.65000000000009,2025
26,44.588832487309645,197,17.23808305187757,26.650000000000087,2025
27,41.95774647887324,213,17.966507062580735,27.650000000000087,2025
28,41.046875,192,16.65111321609094,28.65000000000009,2025
29,41.4804469273743,179,16.971006598539557,29.650000000000095,2025
30,42.50243902439024,205,15.312952479187093,30.650000000000087,2025
31,42.74654377880184,217,16.354161876550474,31.650000000000087,2025
32,43.049549549549546,222,16.516337031450036,32.65000000000009,2025
33,38.6198347107438,242,16.246164538537393,33.65000000000009,2025
34,35.142857142857146,273,17.55699003700987,34.65000000000009,2025
35,37.233333333333334,270,16.77960126425419,35.65000000000009,2025
36,37.055350553505534,271,17.09517689634704,36.65000000000009,2025
37,38.69230769230769,260,15.934153190466004,37.65000000000009,2025
38,38.81297709923664,262,16.577443461401057,38.65000000000009,2025
39,38.601593625498005,251,16.77690786319694,39.65000000000009,2025
40,36.8062015503876,258,17.628936911908337,40.65000000000009,2025
41,36.34274193548387,248,16.335533774762684,41.65000000000009,2025
42,35.32119205298013,302,16.78967452535373,42.65000000000009,2025
43,34.07194244604317,278,16.338539536678955,43.65000000000009,2025
44,33.12587412587413,286,18.317805404776482,44.65000000000009,2025
45,32.56944444444444,288,16.969598878625046,45.65000000000009,2025
46,33.04416403785489,317,18.386616426590734,46.65000000000009,2025
47,31.578544061302683,261,18.274155757279743,47.65000000000009,2025
48,31.30496453900709,282,17.945922429601435,48.65000000000009,2025
49,28.63905325443787,338,17.8563310715948,49.65000000000009,2025
50,27.502906976744185,344,16.8062182276884,50.65000000000009,2025
51,27.6,345,16.345186333568353,51.6500000000001,2025
52,28.46470588235294,340,15.78287190710086,52.650000000000084,2025
53,25.594972067039105,358,16.72150119158139,53.65000000000009,2025
54,24.262886597938145,388,16.26104757178361,54.650000000000084,2025
55,21.95273631840796,402,15.789300173699468,55.65000000000009,2025
56,21.94360086767896,461,15.022630292948298,56.65000000000009,2025
57,21.770526315789475,475,15.7691673850513,57.65000000000009,2025
58,20.790076335877863,524,15.614188551576445,58.65000000000009,2025
59,19.89514563106796,515,14.804979829473725,59.65000000000009,2025
60,19.870833333333334,480,15.17634625771856,60.65000000000009,2025
61,17.958071278825997,477,14.685295439812315,61.65000000000009,2025
62,16.826359832635983,478,13.971113345222342,62.65000000000009,2025
63,15.77979797979798,495,14.100205153975828,63.65000000000009,2025
64,16.48689138576779,534,15.087947816229152,64.65000000000009,2025
65,15.30751708428246,439,15.43756649689869,65.65000000000009,2025
66,14.460591133004925,406,14.25403295394563,66.65000000000009,2025
67,13.681632653061225,245,13.98757753123721,67.65000000000009,2025
