covariate,treated_mean_before,control_mean_before,smd_before,treated_mean_after,control_mean_after,smd_after,design,snapshot,family
chart_year,1981.644183006536,1986.6337819849134,-0.29455516238401214,1981.644183006536,1981.8423529411764,-0.012848778813760727,historical + artist-success NN,2016-10,song film-linked matching
age,35.15581699346401,30.166218015086482,0.29455516238401697,35.15581699346401,34.95764705882348,0.012848778813767637,historical + artist-success NN,2016-10,song film-linked matching
weeks,15.795032679738561,11.624685697382045,0.4966564135630634,15.795032679738561,15.522875816993464,0.031383005292810455,historical + artist-success NN,2016-10,song film-linked matching
peak_pos,26.441830065359476,46.15715130897796,-0.6915672247536988,26.441830065359476,26.651503267973855,-0.007706961491078343,historical + artist-success NN,2016-10,song film-linked matching
artist_catalog_size_excl_song,14.698039215686274,14.324508208844845,0.01857799355808343,14.698039215686274,14.58718954248366,0.007117447873403846,historical + artist-success NN,2016-10,song film-linked matching
artist_total_weeks_excl_song,167.34666666666666,142.4271557461914,0.14276394328112355,167.34666666666666,166.19607843137254,0.0065126387004454745,historical + artist-success NN,2016-10,song film-linked matching
artist_mean_weeks_excl_song,11.54573648740041,11.619593775118046,-0.014569506409457575,11.54573648740041,11.555901903650463,-0.002131399259803563,historical + artist-success NN,2016-10,song film-linked matching
artist_best_peak_excl_song,13.495733788395905,14.092741200072952,-0.02819270963005465,13.495733788395905,13.252936121455171,0.011361534201250741,historical + artist-success NN,2016-10,song film-linked matching
artist_superstar_top1pct,0.16679738562091503,0.1396982694867623,0.0752747544855212,0.16679738562091503,0.16679738562091503,0.0,historical + artist-success NN,2016-10,song film-linked matching
chart_year,1981.620856520687,1984.2141434262949,-0.15493156930637794,1981.620856520687,1981.7532059037019,-0.008517116884738506,historical + artist-success NN,2017-07,song film-linked matching
age,35.929143479312806,33.335856573705136,0.15493156930637114,35.929143479312806,35.79679409629804,0.00851711688473622,historical + artist-success NN,2017-07,song film-linked matching
weeks,15.61287200580692,10.801010244735345,0.5872242831787056,15.61287200580692,15.38301475925478,0.0263047037717724,historical + artist-success NN,2017-07,song film-linked matching
peak_pos,27.123155093152672,48.2598890153671,-0.741834018982197,27.123155093152672,27.357125574643117,-0.00851591812239976,historical + artist-success NN,2017-07,song film-linked matching
artist_catalog_size_excl_song,15.141059762884103,16.53564314171884,-0.059573787843409894,15.141059762884103,15.024679409629808,0.006203172311323007,historical + artist-success NN,2017-07,song film-linked matching
artist_total_weeks_excl_song,169.76530365352045,161.16953614114968,0.045335963413324916,169.76530365352045,168.89329784660052,0.004627140949241505,historical + artist-success NN,2017-07,song film-linked matching
artist_mean_weeks_excl_song,11.527152730684268,11.479100529770209,0.009587658716004024,11.527152730684268,11.541584037051479,-0.0030363219375156834,historical + artist-success NN,2017-07,song film-linked matching
artist_best_peak_excl_song,13.368781258225848,13.819043824701195,-0.02137769791803009,13.368781258225848,13.156332803391628,0.01001707881314419,historical + artist-success NN,2017-07,song film-linked matching
artist_superstar_top1pct,0.16840067747398985,0.1535998861696073,0.04027579100391091,0.16840067747398985,0.16840067747398985,0.0,historical + artist-success NN,2017-07,song film-linked matching
chart_year,1981.6377040547657,1985.1794130530004,-0.21348278098314724,1981.6377040547657,1982.3525539757768,-0.04605429583580075,baseline-attention + historical + artist-success NN,2017-07,song film-linked matching
age,35.912295945234284,32.370586946999516,0.2134827809831481,35.912295945234284,35.197446024223225,0.04605429583579571,baseline-attention + historical + artist-success NN,2017-07,song film-linked matching
weeks,15.79594523433386,11.300919842312746,0.5468548205345353,15.79594523433386,15.54844655081622,0.028839436644849174,baseline-attention + historical + artist-success NN,2017-07,song film-linked matching
peak_pos,26.389942074776197,46.79237844940867,-0.7200361437411006,26.389942074776197,26.01658767772512,0.013786346381116418,baseline-attention + historical + artist-success NN,2017-07,song film-linked matching
artist_catalog_size_excl_song,14.711690363349131,16.211038107752955,-0.07281594121649136,14.711690363349131,14.582411795681939,0.008326029320232325,baseline-attention + historical + artist-success NN,2017-07,song film-linked matching
artist_total_weeks_excl_song,167.6708794102159,162.89505037231712,0.027073138270041746,167.6708794102159,166.9702474986835,0.0039816039633792455,baseline-attention + historical + artist-success NN,2017-07,song film-linked matching
artist_mean_weeks_excl_song,11.553721166053526,11.722768613108888,-0.03356357646870184,11.553721166053526,11.602714331304647,-0.01033094529473148,baseline-attention + historical + artist-success NN,2017-07,song film-linked matching
artist_best_peak_excl_song,13.45863154881191,13.547197353055664,-0.004244587971021975,13.45863154881191,12.904995668495523,0.026102252089719582,baseline-attention + historical + artist-success NN,2017-07,song film-linked matching
artist_superstar_top1pct,0.16692996313849395,0.15943933420937362,0.020269716047628398,0.16692996313849395,0.16666666666666666,0.0007061825565561681,baseline-attention + historical + artist-success NN,2017-07,song film-linked matching
previous_popularity,42.84333859926277,29.446955759964958,0.7721972543900385,42.84333859926277,42.262769878883624,0.036438630692217144,baseline-attention + historical + artist-success NN,2017-07,song film-linked matching
chart_year,1982.5748913789162,1987.0799120234603,-0.2494215955496404,1982.5748913789162,1982.7772696089642,-0.012570482539976297,historical + artist-success NN,2022-08,song film-linked matching
age,40.07510862108401,35.570087976539675,0.24942159554964946,40.07510862108401,39.872730391035994,0.01257048253997762,historical + artist-success NN,2022-08,song film-linked matching
weeks,15.679396295449349,10.521260997067449,0.6113673968086655,15.679396295449349,15.466498970958153,0.024057900136602278,historical + artist-success NN,2022-08,song film-linked matching
peak_pos,27.474731305739766,48.88275434243176,-0.7488507920106332,27.474731305739766,27.692430825520237,-0.007858690628711034,historical + artist-success NN,2022-08,song film-linked matching
artist_catalog_size_excl_song,15.013720557969357,17.836002706970447,-0.10980010601408287,15.013720557969357,14.887948776583581,0.006408318731230229,historical + artist-success NN,2022-08,song film-linked matching
artist_total_weeks_excl_song,167.52412531442945,163.8092713737875,0.018486183396035753,167.52412531442945,166.4854790761491,0.005462829312683564,historical + artist-success NN,2022-08,song film-linked matching
artist_mean_weeks_excl_song,11.618652198192116,11.19085455163394,0.08346849403192513,11.618652198192116,11.617227343019001,0.0002921594677071698,historical + artist-success NN,2022-08,song film-linked matching
artist_best_peak_excl_song,13.434240079860244,14.060954348808679,-0.029540508426774546,13.434240079860244,13.231425702811245,0.009523073764060294,historical + artist-success NN,2022-08,song film-linked matching
artist_superstar_top1pct,0.164875371598445,0.1567223099481164,0.02219430943595625,0.164875371598445,0.164875371598445,0.0,historical + artist-success NN,2022-08,song film-linked matching
chart_year,1981.7906329113923,1984.5305668482013,-0.16344679078852717,1981.7906329113923,1982.4215189873419,-0.04050521657342852,baseline-attention + historical + artist-success NN,2022-08,song film-linked matching
age,40.85936708860769,38.119433151798816,0.16344679078852334,40.85936708860769,40.22848101265832,0.04050521657341711,baseline-attention + historical + artist-success NN,2022-08,song film-linked matching
weeks,15.67113924050633,10.879266702462223,0.5824782581396387,15.67113924050633,15.398227848101266,0.031683849724669574,baseline-attention + historical + artist-success NN,2022-08,song film-linked matching
peak_pos,27.068354430379745,48.07263941090742,-0.7384366260817983,27.068354430379745,26.91367088607595,0.005642882214581813,baseline-attention + historical + artist-success NN,2022-08,song film-linked matching
artist_catalog_size_excl_song,15.134177215189874,16.735445271151338,-0.06771425695652211,15.134177215189874,14.87493670886076,0.01380644787770446,baseline-attention + historical + artist-success NN,2022-08,song film-linked matching
artist_total_weeks_excl_song,170.18227848101264,163.26432461455857,0.03624717733400836,170.18227848101264,168.6681012658228,0.00805949824599261,baseline-attention + historical + artist-success NN,2022-08,song film-linked matching
artist_mean_weeks_excl_song,11.559383113368463,11.543803103296494,0.003110066655362495,11.559383113368463,11.61998654760578,-0.012935049149567172,baseline-attention + historical + artist-success NN,2022-08,song film-linked matching
artist_best_peak_excl_song,13.315064720462683,13.74760438056126,-0.02063060801986275,13.315064720462683,12.752013329630659,0.026735782162294705,baseline-attention + historical + artist-success NN,2022-08,song film-linked matching
artist_superstar_top1pct,0.16886075949367088,0.15678453631970546,0.03271046240223321,0.16886075949367088,0.16886075949367088,0.0,baseline-attention + historical + artist-success NN,2022-08,song film-linked matching
previous_popularity,47.331898734177216,32.087443430237016,0.8371628362245838,47.331898734177216,46.71088607594937,0.03796397587248065,baseline-attention + historical + artist-success NN,2022-08,song film-linked matching
chart_year,1982.5264298093587,1989.4545707915272,-0.3626298582373604,1982.5264298093587,1982.7629982668977,-0.014610725006079302,historical + artist-success NN,2025,song film-linked matching
age,43.12357019064134,36.195429208472774,0.3626298582373615,43.12357019064134,42.887001733102345,0.014610725006074035,historical + artist-success NN,2025,song film-linked matching
weeks,15.572790294627383,10.12184132292828,0.6384492363611125,15.572790294627383,15.372183708838822,0.022695880981778417,historical + artist-success NN,2025,song film-linked matching
peak_pos,27.69367417677643,49.44249349684132,-0.7597863326382694,27.69367417677643,27.895580589254767,-0.007256749152783142,historical + artist-success NN,2025,song film-linked matching
artist_catalog_size_excl_song,14.992201039861351,18.763842437755482,-0.13851388348295826,14.992201039861351,14.873700173310226,0.006024340473006977,historical + artist-success NN,2025,song film-linked matching
artist_total_weeks_excl_song,166.93110918544195,167.39237272389445,-0.00218615872989715,166.93110918544195,165.92374350086655,0.005303486986984418,historical + artist-success NN,2025,song film-linked matching
artist_mean_weeks_excl_song,11.612487478415495,10.992637758820214,0.11923649727852198,11.612487478415495,11.607693942919294,0.0009778999059279305,historical + artist-success NN,2025,song film-linked matching
artist_best_peak_excl_song,13.506395073424917,14.153725192495392,-0.030407344035435793,13.506395073424917,13.335081029551954,0.008003635152924501,historical + artist-success NN,2025,song film-linked matching
artist_superstar_top1pct,0.1639948006932409,0.15942028985507245,0.012423997104115772,0.1639948006932409,0.1639948006932409,0.0,historical + artist-success NN,2025,song film-linked matching
chart_year,1982.6051965969189,1987.0671460048707,-0.24703422694002325,1982.6051965969189,1983.2414348126006,-0.039483414227483866,baseline-attention + historical + artist-success NN,2025,song film-linked matching
age,43.044803403081254,38.5828539951294,0.247034226940026,43.044803403081254,42.40856518739949,0.03948341422748695,baseline-attention + historical + artist-success NN,2025,song film-linked matching
weeks,15.693032881122097,10.555955004058912,0.6087729386829042,15.693032881122097,15.48240974936767,0.024043107182367653,baseline-attention + historical + artist-success NN,2025,song film-linked matching
peak_pos,27.420786387675328,48.702539719355215,-0.7453621029822234,27.420786387675328,27.16440561048517,0.009266959881275037,baseline-attention + historical + artist-success NN,2025,song film-linked matching
artist_catalog_size_excl_song,15.048746838353644,18.201959874753566,-0.12179127320504651,15.048746838353644,14.826626810761095,0.011400623593489725,baseline-attention + historical + artist-success NN,2025,song film-linked matching
artist_total_weeks_excl_song,167.99517130374798,167.25252232401715,0.003680292213119844,167.99517130374798,166.56196826856748,0.007575535823631404,baseline-attention + historical + artist-success NN,2025,song film-linked matching
artist_mean_weeks_excl_song,11.623184077656502,11.23917564082031,0.07493445241345109,11.623184077656502,11.647037723614302,-0.004918486078930591,baseline-attention + historical + artist-success NN,2025,song film-linked matching
artist_best_peak_excl_song,13.463274003509651,13.77018592733723,-0.014555166607672965,13.463274003509651,13.153944020356233,0.014501340076678604,baseline-attention + historical + artist-success NN,2025,song film-linked matching
artist_superstar_top1pct,0.16578523798574385,0.16009509451467008,0.015406793019851204,0.16578523798574385,0.16578523798574385,0.0,baseline-attention + historical + artist-success NN,2025,song film-linked matching
previous_popularity,53.1991262359163,37.429838803200745,0.8259364706746889,53.1991262359163,52.58864106691193,0.037163244759257315,baseline-attention + historical + artist-success NN,2025,song film-linked matching
