replication,seed,N_treated_eligible,N_controls_eligible,N_matched_pairs,N_unique_controls,median_control_reuse,p95_control_reuse,max_control_reuse,excess_attention_estimate,treated_exit_probability,control_exit_probability,exit_difference_pp
1,202607060,119,10820,119,113,1.0,1.3999999999999915,2,6.091779612791636,0.3949579831932773,0.17647058823529413,21.848739495798316
2,202607061,119,10829,119,116,1.0,1.0,2,5.048160220617519,0.3949579831932773,0.20168067226890757,19.327731092436974
3,202607062,119,10785,119,114,1.0,1.0,2,5.49137053042437,0.3949579831932773,0.21008403361344538,18.48739495798319
4,202607063,119,10789,119,111,1.0,2.0,2,4.688423930174783,0.3949579831932773,0.23529411764705882,15.966386554621847
5,202607064,119,10794,119,114,1.0,1.0,2,4.749757697024005,0.3949579831932773,0.25210084033613445,14.285714285714285
6,202607065,119,10799,119,112,1.0,2.0,2,4.923245838983798,0.3949579831932773,0.2184873949579832,17.64705882352941
7,202607066,119,10818,119,116,1.0,1.0,2,5.098644012174214,0.3949579831932773,0.20168067226890757,19.327731092436974
8,202607067,119,10789,119,113,1.0,1.3999999999999915,2,5.488844762148194,0.3949579831932773,0.19327731092436976,20.168067226890756
9,202607068,119,10807,119,114,1.0,1.0,2,5.145993479180702,0.3949579831932773,0.2184873949579832,17.64705882352941
10,202607069,119,10769,119,114,1.0,1.0,2,4.839519289935671,0.3949579831932773,0.24369747899159663,15.126050420168067
11,202607070,119,10787,119,115,1.0,1.0,2,5.679848557571135,0.3949579831932773,0.21008403361344538,18.48739495798319
12,202607071,119,10799,119,114,1.0,1.0,2,4.61825485184685,0.3949579831932773,0.24369747899159663,15.126050420168067
13,202607072,119,10788,119,115,1.0,1.0,2,4.921437983905373,0.3949579831932773,0.17647058823529413,21.848739495798316
14,202607073,119,10775,119,114,1.0,1.0,2,5.084646462629632,0.3949579831932773,0.2184873949579832,17.64705882352941
15,202607074,119,10776,119,113,1.0,1.3999999999999915,2,5.609655059431558,0.3949579831932773,0.2184873949579832,17.64705882352941
16,202607075,119,10762,119,116,1.0,1.0,2,5.5392646044827005,0.3949579831932773,0.2184873949579832,17.64705882352941
17,202607076,119,10825,119,113,1.0,1.3999999999999915,2,5.156944951864636,0.3949579831932773,0.20168067226890757,19.327731092436974
18,202607077,119,10820,119,114,1.0,1.0,2,4.665697406780538,0.3949579831932773,0.226890756302521,16.806722689075627
19,202607078,119,10830,119,115,1.0,1.0,2,4.908080819167603,0.3949579831932773,0.2184873949579832,17.64705882352941
20,202607079,119,10787,119,114,1.0,1.0,2,5.429265695045069,0.3949579831932773,0.21008403361344538,18.48739495798319
21,202607080,119,10798,119,114,1.0,1.0,2,5.379448624682249,0.3949579831932773,0.2184873949579832,17.64705882352941
22,202607081,119,10814,119,115,1.0,1.0,2,5.10339940810396,0.3949579831932773,0.23529411764705882,15.966386554621847
23,202607082,119,10783,119,116,1.0,1.0,2,4.90080961023139,0.3949579831932773,0.226890756302521,16.806722689075627
24,202607083,119,10811,119,115,1.0,1.0,2,4.921520315511683,0.3949579831932773,0.226890756302521,16.806722689075627
25,202607084,119,10822,119,114,1.0,1.0,2,5.428876187287113,0.3949579831932773,0.18487394957983194,21.008403361344534
26,202607085,119,10800,119,114,1.0,1.0,2,4.824893976356124,0.3949579831932773,0.21008403361344538,18.48739495798319
27,202607086,119,10791,119,112,1.0,2.0,2,4.9265198032538065,0.3949579831932773,0.19327731092436976,20.168067226890756
28,202607087,119,10820,119,115,1.0,1.0,2,4.955867296578765,0.3949579831932773,0.20168067226890757,19.327731092436974
29,202607088,119,10807,119,115,1.0,1.0,2,5.5415348452991875,0.3949579831932773,0.17647058823529413,21.848739495798316
30,202607089,119,10808,119,115,1.0,1.0,2,6.185679720923826,0.3949579831932773,0.18487394957983194,21.008403361344534
31,202607090,119,10779,119,115,1.0,1.0,2,4.866291615262557,0.3949579831932773,0.23529411764705882,15.966386554621847
32,202607091,119,10792,119,112,1.0,2.0,2,5.32832182641007,0.3949579831932773,0.20168067226890757,19.327731092436974
33,202607092,119,10762,119,116,1.0,1.0,2,4.916372264764251,0.3949579831932773,0.21008403361344538,18.48739495798319
34,202607093,119,10823,119,112,1.0,2.0,2,5.46655388307361,0.3949579831932773,0.20168067226890757,19.327731092436974
35,202607094,119,10805,119,113,1.0,1.3999999999999915,2,5.130836438191873,0.3949579831932773,0.19327731092436976,20.168067226890756
36,202607095,119,10841,119,114,1.0,1.0,2,5.38876931330847,0.3949579831932773,0.21008403361344538,18.48739495798319
37,202607096,119,10791,119,114,1.0,1.0,2,5.752618045623456,0.3949579831932773,0.20168067226890757,19.327731092436974
38,202607097,119,10805,119,114,1.0,1.0,2,5.142150848195795,0.3949579831932773,0.25210084033613445,14.285714285714285
39,202607098,119,10837,119,115,1.0,1.0,2,4.736118241206715,0.3949579831932773,0.226890756302521,16.806722689075627
40,202607099,119,10813,119,114,1.0,1.0,2,5.005717706113342,0.3949579831932773,0.20168067226890757,19.327731092436974
41,202607100,119,10820,119,113,1.0,1.3999999999999915,2,5.069248599803078,0.3949579831932773,0.2184873949579832,17.64705882352941
42,202607101,119,10793,119,113,1.0,1.3999999999999915,2,4.787620975253847,0.3949579831932773,0.21008403361344538,18.48739495798319
43,202607102,119,10827,119,113,1.0,1.3999999999999915,2,5.397393849427854,0.3949579831932773,0.16806722689075632,22.6890756302521
44,202607103,119,10787,119,114,1.0,1.0,2,5.332549316235617,0.3949579831932773,0.21008403361344538,18.48739495798319
45,202607104,119,10786,119,113,1.0,1.3999999999999915,2,4.853731904719358,0.3949579831932773,0.226890756302521,16.806722689075627
46,202607105,119,10814,119,113,1.0,1.3999999999999915,2,4.831372719270496,0.3949579831932773,0.2184873949579832,17.64705882352941
47,202607106,119,10816,119,113,1.0,1.3999999999999915,2,4.737867685423231,0.3949579831932773,0.226890756302521,16.806722689075627
48,202607107,119,10815,119,115,1.0,1.0,2,5.581212437457435,0.3949579831932773,0.21008403361344538,18.48739495798319
49,202607108,119,10791,119,114,1.0,1.0,2,5.520042596778849,0.3949579831932773,0.2184873949579832,17.64705882352941
50,202607109,119,10786,119,114,1.0,1.0,2,5.157910637493221,0.3949579831932773,0.2184873949579832,17.64705882352941
51,202607110,119,10774,119,115,1.0,1.0,2,5.474959771497388,0.3949579831932773,0.20168067226890757,19.327731092436974
52,202607111,119,10818,119,114,1.0,1.0,2,5.0459610690379275,0.3949579831932773,0.21008403361344538,18.48739495798319
53,202607112,119,10819,119,111,1.0,2.0,2,4.970987094499678,0.3949579831932773,0.19327731092436976,20.168067226890756
54,202607113,119,10840,119,116,1.0,1.0,2,4.652480209004994,0.3949579831932773,0.24369747899159663,15.126050420168067
55,202607114,119,10795,119,115,1.0,1.0,2,5.528620605069148,0.3949579831932773,0.21008403361344538,18.48739495798319
56,202607115,119,10769,119,114,1.0,1.0,2,5.4692850112853675,0.3949579831932773,0.21008403361344538,18.48739495798319
57,202607116,119,10835,119,115,1.0,1.0,2,5.051361068584104,0.3949579831932773,0.226890756302521,16.806722689075627
58,202607117,119,10825,119,114,1.0,1.0,2,4.494829693636186,0.3949579831932773,0.23529411764705882,15.966386554621847
59,202607118,119,10776,119,114,1.0,1.0,2,5.564572238415436,0.3949579831932773,0.20168067226890757,19.327731092436974
60,202607119,119,10806,119,117,1.0,1.0,2,5.1563370190770454,0.3949579831932773,0.19327731092436976,20.168067226890756
61,202607120,119,10790,119,113,1.0,1.3999999999999915,2,4.13000680256878,0.3949579831932773,0.24369747899159663,15.126050420168067
62,202607121,119,10820,119,114,1.0,1.0,2,4.422687587832067,0.3949579831932773,0.23529411764705882,15.966386554621847
63,202607122,119,10822,119,113,1.0,1.3999999999999915,2,6.218365327532357,0.3949579831932773,0.16806722689075632,22.6890756302521
64,202607123,119,10757,119,115,1.0,1.0,2,5.204205887580226,0.3949579831932773,0.20168067226890757,19.327731092436974
65,202607124,119,10783,119,113,1.0,1.3999999999999915,2,4.6926394619539495,0.3949579831932773,0.21008403361344538,18.48739495798319
66,202607125,119,10793,119,115,1.0,1.0,2,4.617654108824501,0.3949579831932773,0.226890756302521,16.806722689075627
67,202607126,119,10775,119,113,1.0,1.3999999999999915,2,4.961353859503179,0.3949579831932773,0.20168067226890757,19.327731092436974
68,202607127,119,10768,119,115,1.0,1.0,2,5.554707283388621,0.3949579831932773,0.18487394957983194,21.008403361344534
69,202607128,119,10788,119,113,1.0,1.3999999999999915,2,5.33342524679174,0.3949579831932773,0.2184873949579832,17.64705882352941
70,202607129,119,10824,119,115,1.0,1.0,2,5.004398330490859,0.3949579831932773,0.226890756302521,16.806722689075627
71,202607130,119,10818,119,113,1.0,1.3999999999999915,2,5.149202313070737,0.3949579831932773,0.21008403361344538,18.48739495798319
72,202607131,119,10825,119,114,1.0,1.0,2,4.963204948954974,0.3949579831932773,0.21008403361344538,18.48739495798319
73,202607132,119,10782,119,115,1.0,1.0,2,4.229732245545413,0.3949579831932773,0.2857142857142857,10.92436974789916
74,202607133,119,10768,119,117,1.0,1.0,2,5.2208707267980845,0.3949579831932773,0.2184873949579832,17.64705882352941
75,202607134,119,10810,119,113,1.0,1.3999999999999915,2,4.810871627118077,0.3949579831932773,0.23529411764705882,15.966386554621847
76,202607135,119,10775,119,113,1.0,1.3999999999999915,2,4.7203282247272025,0.3949579831932773,0.226890756302521,16.806722689075627
77,202607136,119,10796,119,115,1.0,1.0,2,5.0739353887702485,0.3949579831932773,0.2184873949579832,17.64705882352941
78,202607137,119,10794,119,116,1.0,1.0,2,6.219117576728825,0.3949579831932773,0.15126050420168066,24.369747899159663
79,202607138,119,10776,119,112,1.0,2.0,2,5.945891812705671,0.3949579831932773,0.18487394957983194,21.008403361344534
80,202607139,119,10785,119,115,1.0,1.0,2,5.189871605548804,0.3949579831932773,0.2184873949579832,17.64705882352941
81,202607140,119,10839,119,114,1.0,1.0,2,4.8145631475287125,0.3949579831932773,0.20168067226890757,19.327731092436974
82,202607141,119,10831,119,111,1.0,2.0,2,5.251657691184477,0.3949579831932773,0.19327731092436976,20.168067226890756
83,202607142,119,10801,119,114,1.0,1.0,2,4.636643667635674,0.3949579831932773,0.2184873949579832,17.64705882352941
84,202607143,119,10838,119,116,1.0,1.0,2,6.209916850247096,0.3949579831932773,0.15966386554621848,23.52941176470588
85,202607144,119,10842,119,115,1.0,1.0,2,5.22723680292693,0.3949579831932773,0.21008403361344538,18.48739495798319
86,202607145,119,10765,119,114,1.0,1.0,2,4.948091414744657,0.3949579831932773,0.2184873949579832,17.64705882352941
87,202607146,119,10782,119,114,1.0,1.0,2,4.645710026616913,0.3949579831932773,0.2184873949579832,17.64705882352941
88,202607147,119,10776,119,113,1.0,1.3999999999999915,2,5.173852433471511,0.3949579831932773,0.21008403361344538,18.48739495798319
89,202607148,119,10797,119,115,1.0,1.0,2,5.186716866178681,0.3949579831932773,0.21008403361344538,18.48739495798319
90,202607149,119,10781,119,115,1.0,1.0,2,4.802487240977883,0.3949579831932773,0.21008403361344538,18.48739495798319
91,202607150,119,10778,119,116,1.0,1.0,2,4.6329448667080015,0.3949579831932773,0.2184873949579832,17.64705882352941
92,202607151,119,10786,119,115,1.0,1.0,2,5.072569906650513,0.3949579831932773,0.19327731092436976,20.168067226890756
93,202607152,119,10811,119,114,1.0,1.0,2,5.360832107643259,0.3949579831932773,0.21008403361344538,18.48739495798319
94,202607153,119,10829,119,115,1.0,1.0,2,5.634179573749253,0.3949579831932773,0.21008403361344538,18.48739495798319
95,202607154,119,10793,119,113,1.0,1.3999999999999915,2,5.399192362096349,0.3949579831932773,0.17647058823529413,21.848739495798316
96,202607155,119,10814,119,113,1.0,1.3999999999999915,2,6.2274796292585615,0.3949579831932773,0.17647058823529413,21.848739495798316
97,202607156,119,10813,119,114,1.0,1.0,2,4.057233404100837,0.3949579831932773,0.23529411764705882,15.966386554621847
98,202607157,119,10771,119,114,1.0,1.0,2,4.7143300616056605,0.3949579831932773,0.21008403361344538,18.48739495798319
99,202607158,119,10837,119,114,1.0,1.0,2,5.501005990044481,0.3949579831932773,0.20168067226890757,19.327731092436974
100,202607159,119,10776,119,115,1.0,1.0,2,4.989976612211221,0.3949579831932773,0.226890756302521,16.806722689075627
101,202607160,119,10741,119,115,1.0,1.0,2,5.279367151425844,0.3949579831932773,0.18487394957983194,21.008403361344534
102,202607161,119,10826,119,115,1.0,1.0,2,5.027749976659723,0.3949579831932773,0.20168067226890757,19.327731092436974
103,202607162,119,10792,119,113,1.0,1.3999999999999915,2,5.219263607541992,0.3949579831932773,0.20168067226890757,19.327731092436974
104,202607163,119,10805,119,115,1.0,1.0,2,5.074026640375668,0.3949579831932773,0.25210084033613445,14.285714285714285
105,202607164,119,10787,119,114,1.0,1.0,2,5.172602052089382,0.3949579831932773,0.21008403361344538,18.48739495798319
106,202607165,119,10771,119,113,1.0,1.3999999999999915,2,5.448727126846329,0.3949579831932773,0.2184873949579832,17.64705882352941
107,202607166,119,10823,119,115,1.0,1.0,2,5.361624230354097,0.3949579831932773,0.19327731092436976,20.168067226890756
108,202607167,119,10805,119,115,1.0,1.0,2,4.252741537435666,0.3949579831932773,0.2605042016806723,13.4453781512605
109,202607168,119,10798,119,115,1.0,1.0,2,5.551547039075795,0.3949579831932773,0.20168067226890757,19.327731092436974
110,202607169,119,10809,119,112,1.0,2.0,2,5.184030802618618,0.3949579831932773,0.19327731092436976,20.168067226890756
111,202607170,119,10776,119,115,1.0,1.0,2,5.6262921140016475,0.3949579831932773,0.20168067226890757,19.327731092436974
112,202607171,119,10802,119,114,1.0,1.0,2,5.349266989206231,0.3949579831932773,0.16806722689075632,22.6890756302521
113,202607172,119,10733,119,114,1.0,1.0,2,5.070979868830883,0.3949579831932773,0.19327731092436976,20.168067226890756
114,202607173,119,10813,119,113,1.0,1.3999999999999915,2,4.524817125313907,0.3949579831932773,0.23529411764705882,15.966386554621847
115,202607174,119,10772,119,113,1.0,1.3999999999999915,2,5.435295268677967,0.3949579831932773,0.17647058823529413,21.848739495798316
116,202607175,119,10800,119,115,1.0,1.0,2,4.76398097515134,0.3949579831932773,0.20168067226890757,19.327731092436974
117,202607176,119,10775,119,114,1.0,1.0,2,4.9330149149209985,0.3949579831932773,0.2184873949579832,17.64705882352941
118,202607177,119,10823,119,113,1.0,1.3999999999999915,2,5.916438930519769,0.3949579831932773,0.16806722689075632,22.6890756302521
119,202607178,119,10807,119,116,1.0,1.0,2,4.913345496204535,0.3949579831932773,0.24369747899159663,15.126050420168067
120,202607179,119,10791,119,114,1.0,1.0,2,4.639559862383244,0.3949579831932773,0.23529411764705882,15.966386554621847
121,202607180,119,10842,119,114,1.0,1.0,2,4.97172655827364,0.3949579831932773,0.2184873949579832,17.64705882352941
122,202607181,119,10783,119,114,1.0,1.0,2,4.85638482370347,0.3949579831932773,0.2184873949579832,17.64705882352941
123,202607182,119,10843,119,115,1.0,1.0,2,4.971427312595624,0.3949579831932773,0.2184873949579832,17.64705882352941
124,202607183,119,10791,119,116,1.0,1.0,2,4.563420847032902,0.3949579831932773,0.19327731092436976,20.168067226890756
125,202607184,119,10848,119,114,1.0,1.0,2,4.7639734725899725,0.3949579831932773,0.226890756302521,16.806722689075627
126,202607185,119,10762,119,115,1.0,1.0,2,4.8447504388234695,0.3949579831932773,0.21008403361344538,18.48739495798319
127,202607186,119,10837,119,111,1.0,2.0,2,5.216605413534074,0.3949579831932773,0.19327731092436976,20.168067226890756
128,202607187,119,10778,119,113,1.0,1.3999999999999915,2,4.606667390198594,0.3949579831932773,0.21008403361344538,18.48739495798319
129,202607188,119,10811,119,113,1.0,1.3999999999999915,2,5.806644067907877,0.3949579831932773,0.19327731092436976,20.168067226890756
130,202607189,119,10798,119,115,1.0,1.0,2,5.111406629738506,0.3949579831932773,0.20168067226890757,19.327731092436974
131,202607190,119,10809,119,114,1.0,1.0,2,4.436068187592621,0.3949579831932773,0.23529411764705882,15.966386554621847
132,202607191,119,10807,119,115,1.0,1.0,2,4.8847275953409595,0.3949579831932773,0.20168067226890757,19.327731092436974
133,202607192,119,10822,119,114,1.0,1.0,2,4.898290875204443,0.3949579831932773,0.2184873949579832,17.64705882352941
134,202607193,119,10802,119,114,1.0,1.0,2,5.17117375136363,0.3949579831932773,0.2184873949579832,17.64705882352941
135,202607194,119,10771,119,112,1.0,2.0,2,5.458529042705073,0.3949579831932773,0.19327731092436976,20.168067226890756
136,202607195,119,10819,119,114,1.0,1.0,2,4.1149665199097765,0.3949579831932773,0.24369747899159663,15.126050420168067
137,202607196,119,10812,119,114,1.0,1.0,2,4.808216775216841,0.3949579831932773,0.2184873949579832,17.64705882352941
138,202607197,119,10781,119,112,1.0,2.0,2,4.53627423442264,0.3949579831932773,0.25210084033613445,14.285714285714285
139,202607198,119,10769,119,117,1.0,1.0,2,5.3599759847662325,0.3949579831932773,0.19327731092436976,20.168067226890756
140,202607199,119,10821,119,114,1.0,1.0,2,4.363841365447026,0.3949579831932773,0.2689075630252101,12.605042016806722
141,202607200,119,10801,119,114,1.0,1.0,2,4.8337435903059935,0.3949579831932773,0.21008403361344538,18.48739495798319
142,202607201,119,10821,119,114,1.0,1.0,2,4.283850462366758,0.3949579831932773,0.2605042016806723,13.4453781512605
143,202607202,119,10799,119,113,1.0,1.3999999999999915,2,4.649610436146457,0.3949579831932773,0.24369747899159663,15.126050420168067
144,202607203,119,10800,119,112,1.0,2.0,2,4.966962437857676,0.3949579831932773,0.20168067226890757,19.327731092436974
145,202607204,119,10777,119,113,1.0,1.3999999999999915,2,5.090927045769405,0.3949579831932773,0.20168067226890757,19.327731092436974
146,202607205,119,10798,119,114,1.0,1.0,2,4.898279653774767,0.3949579831932773,0.226890756302521,16.806722689075627
147,202607206,119,10785,119,115,1.0,1.0,2,5.032207423078637,0.3949579831932773,0.21008403361344538,18.48739495798319
148,202607207,119,10814,119,116,1.0,1.0,2,4.8313539379983315,0.3949579831932773,0.24369747899159663,15.126050420168067
149,202607208,119,10820,119,114,1.0,1.0,2,5.297662157548394,0.3949579831932773,0.226890756302521,16.806722689075627
150,202607209,119,10760,119,117,1.0,1.0,2,5.6283300538356755,0.3949579831932773,0.19327731092436976,20.168067226890756
151,202607210,119,10788,119,114,1.0,1.0,2,5.9097654005789355,0.3949579831932773,0.21008403361344538,18.48739495798319
152,202607211,119,10795,119,115,1.0,1.0,2,5.171841861094333,0.3949579831932773,0.19327731092436976,20.168067226890756
153,202607212,119,10795,119,112,1.0,2.0,2,4.45807334447596,0.3949579831932773,0.20168067226890757,19.327731092436974
154,202607213,119,10791,119,115,1.0,1.0,2,5.010754320011683,0.3949579831932773,0.21008403361344538,18.48739495798319
155,202607214,119,10766,119,113,1.0,1.3999999999999915,2,5.139325756304733,0.3949579831932773,0.226890756302521,16.806722689075627
156,202607215,119,10807,119,113,1.0,1.3999999999999915,2,5.0292851503418206,0.3949579831932773,0.21008403361344538,18.48739495798319
157,202607216,119,10829,119,116,1.0,1.0,2,4.95316686077324,0.3949579831932773,0.226890756302521,16.806722689075627
158,202607217,119,10763,119,115,1.0,1.0,2,5.03241112403009,0.3949579831932773,0.19327731092436976,20.168067226890756
159,202607218,119,10796,119,111,1.0,2.0,2,4.421408424435453,0.3949579831932773,0.20168067226890757,19.327731092436974
160,202607219,119,10804,119,113,1.0,1.3999999999999915,2,4.579460703747452,0.3949579831932773,0.226890756302521,16.806722689075627
161,202607220,119,10843,119,114,1.0,1.0,2,5.186643767850812,0.3949579831932773,0.2605042016806723,13.4453781512605
162,202607221,119,10774,119,116,1.0,1.0,2,5.295465162719046,0.3949579831932773,0.2184873949579832,17.64705882352941
163,202607222,119,10790,119,114,1.0,1.0,2,5.686112223570203,0.3949579831932773,0.21008403361344538,18.48739495798319
164,202607223,119,10788,119,114,1.0,1.0,2,4.9200735845307335,0.3949579831932773,0.25210084033613445,14.285714285714285
165,202607224,119,10828,119,112,1.0,2.0,2,5.388720466921506,0.3949579831932773,0.19327731092436976,20.168067226890756
166,202607225,119,10783,119,114,1.0,1.0,2,4.877272221070545,0.3949579831932773,0.24369747899159663,15.126050420168067
167,202607226,119,10790,119,114,1.0,1.0,2,4.821028723944629,0.3949579831932773,0.226890756302521,16.806722689075627
168,202607227,119,10826,119,112,1.0,2.0,2,5.178164173887953,0.3949579831932773,0.20168067226890757,19.327731092436974
169,202607228,119,10804,119,115,1.0,1.0,2,6.153921809403775,0.3949579831932773,0.19327731092436976,20.168067226890756
170,202607229,119,10801,119,117,1.0,1.0,2,5.47638630976087,0.3949579831932773,0.19327731092436976,20.168067226890756
171,202607230,119,10799,119,115,1.0,1.0,2,4.853444397199632,0.3949579831932773,0.19327731092436976,20.168067226890756
172,202607231,119,10807,119,115,1.0,1.0,2,4.448774063792857,0.3949579831932773,0.2605042016806723,13.4453781512605
173,202607232,119,10762,119,116,1.0,1.0,2,5.026259271124048,0.3949579831932773,0.2184873949579832,17.64705882352941
174,202607233,119,10779,119,113,1.0,1.3999999999999915,2,4.328507893814117,0.3949579831932773,0.24369747899159663,15.126050420168067
175,202607234,119,10805,119,115,1.0,1.0,2,5.115387318812441,0.3949579831932773,0.21008403361344538,18.48739495798319
176,202607235,119,10839,119,114,1.0,1.0,2,5.428330314514595,0.3949579831932773,0.21008403361344538,18.48739495798319
177,202607236,119,10784,119,114,1.0,1.0,2,4.327583650104473,0.3949579831932773,0.2605042016806723,13.4453781512605
178,202607237,119,10819,119,113,1.0,1.3999999999999915,2,4.434333936425599,0.3949579831932773,0.23529411764705882,15.966386554621847
179,202607238,119,10762,119,112,1.0,2.0,2,4.487797160717865,0.3949579831932773,0.23529411764705882,15.966386554621847
180,202607239,119,10835,119,114,1.0,1.0,2,5.534408833518251,0.3949579831932773,0.20168067226890757,19.327731092436974
181,202607240,119,10786,119,114,1.0,1.0,2,4.956113936208586,0.3949579831932773,0.226890756302521,16.806722689075627
182,202607241,119,10778,119,112,1.0,2.0,2,6.19024729371613,0.3949579831932773,0.17647058823529413,21.848739495798316
183,202607242,119,10790,119,114,1.0,1.0,2,5.451147975894877,0.3949579831932773,0.20168067226890757,19.327731092436974
184,202607243,119,10788,119,113,1.0,1.3999999999999915,2,4.842146381812994,0.3949579831932773,0.2184873949579832,17.64705882352941
185,202607244,119,10781,119,114,1.0,1.0,2,5.126172428546709,0.3949579831932773,0.20168067226890757,19.327731092436974
186,202607245,119,10779,119,115,1.0,1.0,2,5.267077850971495,0.3949579831932773,0.19327731092436976,20.168067226890756
187,202607246,119,10793,119,116,1.0,1.0,2,5.618474662895676,0.3949579831932773,0.18487394957983194,21.008403361344534
188,202607247,119,10779,119,113,1.0,1.3999999999999915,2,4.782041299762853,0.3949579831932773,0.2184873949579832,17.64705882352941
189,202607248,119,10766,119,116,1.0,1.0,2,4.6951255586290275,0.3949579831932773,0.2605042016806723,13.4453781512605
190,202607249,119,10798,119,115,1.0,1.0,2,4.940995069537015,0.3949579831932773,0.23529411764705882,15.966386554621847
191,202607250,119,10794,119,114,1.0,1.0,2,4.794500551235299,0.3949579831932773,0.24369747899159663,15.126050420168067
192,202607251,119,10836,119,113,1.0,1.3999999999999915,2,5.576111158862244,0.3949579831932773,0.16806722689075632,22.6890756302521
193,202607252,119,10827,119,115,1.0,1.0,2,5.393617014785921,0.3949579831932773,0.19327731092436976,20.168067226890756
194,202607253,119,10812,119,114,1.0,1.0,2,4.860259795734833,0.3949579831932773,0.20168067226890757,19.327731092436974
195,202607254,119,10813,119,113,1.0,1.3999999999999915,2,5.6964584461909125,0.3949579831932773,0.2184873949579832,17.64705882352941
196,202607255,119,10796,119,113,1.0,1.3999999999999915,2,5.106620335939249,0.3949579831932773,0.23529411764705882,15.966386554621847
197,202607256,119,10794,119,115,1.0,1.0,2,5.486640411173843,0.3949579831932773,0.2184873949579832,17.64705882352941
198,202607257,119,10785,119,113,1.0,1.3999999999999915,2,4.887968628851494,0.3949579831932773,0.23529411764705882,15.966386554621847
199,202607258,119,10804,119,113,1.0,1.3999999999999915,2,4.801459480170406,0.3949579831932773,0.2184873949579832,17.64705882352941
200,202607259,119,10774,119,113,1.0,1.3999999999999915,2,4.556721799384159,0.3949579831932773,0.23529411764705882,15.966386554621847
201,202607260,119,10793,119,116,1.0,1.0,2,4.552225755019871,0.3949579831932773,0.2184873949579832,17.64705882352941
202,202607261,119,10811,119,114,1.0,1.0,2,4.887129902486414,0.3949579831932773,0.2184873949579832,17.64705882352941
203,202607262,119,10794,119,114,1.0,1.0,2,4.120568037642709,0.3949579831932773,0.25210084033613445,14.285714285714285
204,202607263,119,10810,119,115,1.0,1.0,2,5.092979549938183,0.3949579831932773,0.21008403361344538,18.48739495798319
205,202607264,119,10793,119,116,1.0,1.0,2,6.541446815066602,0.3949579831932773,0.18487394957983194,21.008403361344534
206,202607265,119,10772,119,115,1.0,1.0,2,4.719360897330596,0.3949579831932773,0.23529411764705882,15.966386554621847
207,202607266,119,10807,119,115,1.0,1.0,2,4.71125820764519,0.3949579831932773,0.226890756302521,16.806722689075627
208,202607267,119,10803,119,114,1.0,1.0,2,5.131557677518853,0.3949579831932773,0.20168067226890757,19.327731092436974
209,202607268,119,10783,119,113,1.0,1.3999999999999915,2,5.577731354065044,0.3949579831932773,0.16806722689075632,22.6890756302521
210,202607269,119,10755,119,114,1.0,1.0,2,4.869112704677913,0.3949579831932773,0.2184873949579832,17.64705882352941
211,202607270,119,10810,119,113,1.0,1.3999999999999915,2,5.1653758828053435,0.3949579831932773,0.21008403361344538,18.48739495798319
212,202607271,119,10791,119,115,1.0,1.0,2,5.59420168830388,0.3949579831932773,0.20168067226890757,19.327731092436974
213,202607272,119,10769,119,114,1.0,1.0,2,5.466099726757534,0.3949579831932773,0.21008403361344538,18.48739495798319
214,202607273,119,10789,119,113,1.0,1.3999999999999915,2,5.192361868783415,0.3949579831932773,0.21008403361344538,18.48739495798319
215,202607274,119,10805,119,109,1.0,2.0,2,5.386598182535317,0.3949579831932773,0.18487394957983194,21.008403361344534
216,202607275,119,10786,119,114,1.0,1.0,2,5.73160197553156,0.3949579831932773,0.18487394957983194,21.008403361344534
217,202607276,119,10851,119,114,1.0,1.0,2,5.211026986546612,0.3949579831932773,0.2184873949579832,17.64705882352941
218,202607277,119,10810,119,114,1.0,1.0,2,4.89349134960539,0.3949579831932773,0.25210084033613445,14.285714285714285
219,202607278,119,10783,119,113,1.0,1.3999999999999915,2,4.8575445250637035,0.3949579831932773,0.20168067226890757,19.327731092436974
220,202607279,119,10788,119,116,1.0,1.0,2,5.555768235028778,0.3949579831932773,0.19327731092436976,20.168067226890756
221,202607280,119,10778,119,112,1.0,2.0,2,5.130931897093962,0.3949579831932773,0.21008403361344538,18.48739495798319
222,202607281,119,10854,119,113,1.0,1.3999999999999915,2,5.389981630099725,0.3949579831932773,0.21008403361344538,18.48739495798319
223,202607282,119,10790,119,114,1.0,1.0,2,5.0590996832451856,0.3949579831932773,0.20168067226890757,19.327731092436974
224,202607283,119,10762,119,115,1.0,1.0,2,5.114109608800814,0.3949579831932773,0.21008403361344538,18.48739495798319
225,202607284,119,10789,119,114,1.0,1.0,2,5.0041738602080015,0.3949579831932773,0.24369747899159663,15.126050420168067
226,202607285,119,10789,119,115,1.0,1.0,2,5.1442793131837705,0.3949579831932773,0.20168067226890757,19.327731092436974
227,202607286,119,10776,119,112,1.0,2.0,2,4.815407361391064,0.3949579831932773,0.2184873949579832,17.64705882352941
228,202607287,119,10775,119,113,1.0,1.3999999999999915,2,4.770709074020875,0.3949579831932773,0.23529411764705882,15.966386554621847
229,202607288,119,10819,119,115,1.0,1.0,2,5.010432206258904,0.3949579831932773,0.20168067226890757,19.327731092436974
230,202607289,119,10804,119,114,1.0,1.0,2,4.984940435364679,0.3949579831932773,0.21008403361344538,18.48739495798319
231,202607290,119,10807,119,113,1.0,1.3999999999999915,2,4.050614882468386,0.3949579831932773,0.23529411764705882,15.966386554621847
232,202607291,119,10760,119,117,1.0,1.0,2,5.939572940352711,0.3949579831932773,0.16806722689075632,22.6890756302521
233,202607292,119,10806,119,114,1.0,1.0,2,4.969342879233097,0.3949579831932773,0.24369747899159663,15.126050420168067
234,202607293,119,10770,119,114,1.0,1.0,2,5.293330853249044,0.3949579831932773,0.226890756302521,16.806722689075627
235,202607294,119,10822,119,113,1.0,1.3999999999999915,2,5.285129848349037,0.3949579831932773,0.2184873949579832,17.64705882352941
236,202607295,119,10756,119,114,1.0,1.0,2,4.575062479224524,0.3949579831932773,0.226890756302521,16.806722689075627
237,202607296,119,10794,119,113,1.0,1.3999999999999915,2,5.324494815961394,0.3949579831932773,0.19327731092436976,20.168067226890756
238,202607297,119,10838,119,113,1.0,1.3999999999999915,2,5.085345936521123,0.3949579831932773,0.21008403361344538,18.48739495798319
239,202607298,119,10776,119,115,1.0,1.0,2,5.993302518957034,0.3949579831932773,0.20168067226890757,19.327731092436974
240,202607299,119,10814,119,113,1.0,1.3999999999999915,2,4.938442197195101,0.3949579831932773,0.19327731092436976,20.168067226890756
241,202607300,119,10802,119,116,1.0,1.0,2,5.800304243155868,0.3949579831932773,0.18487394957983194,21.008403361344534
242,202607301,119,10796,119,115,1.0,1.0,2,5.6407906970425925,0.3949579831932773,0.19327731092436976,20.168067226890756
243,202607302,119,10780,119,115,1.0,1.0,2,5.199624142946757,0.3949579831932773,0.2184873949579832,17.64705882352941
244,202607303,119,10783,119,115,1.0,1.0,2,4.324963410645588,0.3949579831932773,0.2605042016806723,13.4453781512605
245,202607304,119,10808,119,114,1.0,1.0,2,5.457511693843787,0.3949579831932773,0.20168067226890757,19.327731092436974
246,202607305,119,10803,119,113,1.0,1.3999999999999915,2,5.4704407003528255,0.3949579831932773,0.17647058823529413,21.848739495798316
247,202607306,119,10775,119,112,1.0,2.0,2,5.494678244029942,0.3949579831932773,0.19327731092436976,20.168067226890756
248,202607307,119,10800,119,114,1.0,1.0,2,4.854919112871875,0.3949579831932773,0.226890756302521,16.806722689075627
249,202607308,119,10828,119,113,1.0,1.3999999999999915,2,4.592019818948884,0.3949579831932773,0.226890756302521,16.806722689075627
250,202607309,119,10782,119,112,1.0,2.0,2,5.045849208332995,0.3949579831932773,0.18487394957983194,21.008403361344534
251,202607310,119,10773,119,115,1.0,1.0,2,4.117364489543852,0.3949579831932773,0.20168067226890757,19.327731092436974
252,202607311,119,10769,119,114,1.0,1.0,2,5.078932793339882,0.3949579831932773,0.21008403361344538,18.48739495798319
253,202607312,119,10829,119,114,1.0,1.0,2,5.084835528633045,0.3949579831932773,0.23529411764705882,15.966386554621847
254,202607313,119,10792,119,114,1.0,1.0,2,4.464536908556203,0.3949579831932773,0.25210084033613445,14.285714285714285
255,202607314,119,10810,119,114,1.0,1.0,2,5.426308324063451,0.3949579831932773,0.20168067226890757,19.327731092436974
256,202607315,119,10795,119,113,1.0,1.3999999999999915,2,5.235711064863784,0.3949579831932773,0.15966386554621848,23.52941176470588
257,202607316,119,10858,119,114,1.0,1.0,2,5.22127415970875,0.3949579831932773,0.2184873949579832,17.64705882352941
258,202607317,119,10796,119,115,1.0,1.0,2,4.645014183657238,0.3949579831932773,0.20168067226890757,19.327731092436974
259,202607318,119,10807,119,114,1.0,1.0,2,4.69897208707342,0.3949579831932773,0.226890756302521,16.806722689075627
260,202607319,119,10802,119,113,1.0,1.3999999999999915,2,5.067605547855627,0.3949579831932773,0.226890756302521,16.806722689075627
261,202607320,119,10837,119,113,1.0,1.3999999999999915,2,5.288959879830591,0.3949579831932773,0.21008403361344538,18.48739495798319
262,202607321,119,10791,119,113,1.0,1.3999999999999915,2,5.427965556164997,0.3949579831932773,0.17647058823529413,21.848739495798316
263,202607322,119,10768,119,116,1.0,1.0,2,4.732695188848374,0.3949579831932773,0.226890756302521,16.806722689075627
264,202607323,119,10813,119,114,1.0,1.0,2,5.278192617318523,0.3949579831932773,0.19327731092436976,20.168067226890756
265,202607324,119,10786,119,116,1.0,1.0,2,4.813427282450013,0.3949579831932773,0.25210084033613445,14.285714285714285
266,202607325,119,10812,119,114,1.0,1.0,2,4.589609488607226,0.3949579831932773,0.2184873949579832,17.64705882352941
267,202607326,119,10817,119,114,1.0,1.0,2,5.262066736165611,0.3949579831932773,0.2184873949579832,17.64705882352941
268,202607327,119,10840,119,116,1.0,1.0,2,4.307950919537056,0.3949579831932773,0.23529411764705882,15.966386554621847
269,202607328,119,10812,119,113,1.0,1.3999999999999915,2,5.498251059641987,0.3949579831932773,0.16806722689075632,22.6890756302521
270,202607329,119,10820,119,116,1.0,1.0,2,3.967606223574761,0.3949579831932773,0.2857142857142857,10.92436974789916
271,202607330,119,10795,119,116,1.0,1.0,2,4.962278859690539,0.3949579831932773,0.21008403361344538,18.48739495798319
272,202607331,119,10776,119,115,1.0,1.0,2,5.038551002433124,0.3949579831932773,0.21008403361344538,18.48739495798319
273,202607332,119,10790,119,115,1.0,1.0,2,4.693130147033703,0.3949579831932773,0.2184873949579832,17.64705882352941
274,202607333,119,10738,119,113,1.0,1.3999999999999915,2,4.942582296750032,0.3949579831932773,0.21008403361344538,18.48739495798319
275,202607334,119,10817,119,114,1.0,1.0,2,4.8776781665818865,0.3949579831932773,0.25210084033613445,14.285714285714285
276,202607335,119,10794,119,114,1.0,1.0,2,5.372634745413847,0.3949579831932773,0.2184873949579832,17.64705882352941
277,202607336,119,10762,119,113,1.0,1.3999999999999915,2,5.562970956660569,0.3949579831932773,0.17647058823529413,21.848739495798316
278,202607337,119,10808,119,113,1.0,1.3999999999999915,2,4.341686728299164,0.3949579831932773,0.226890756302521,16.806722689075627
279,202607338,119,10872,119,113,1.0,1.3999999999999915,2,4.909865204605143,0.3949579831932773,0.226890756302521,16.806722689075627
280,202607339,119,10763,119,113,1.0,1.3999999999999915,2,4.333955476198661,0.3949579831932773,0.2184873949579832,17.64705882352941
281,202607340,119,10775,119,116,1.0,1.0,2,4.563962234442555,0.3949579831932773,0.24369747899159663,15.126050420168067
282,202607341,119,10803,119,114,1.0,1.0,2,4.599022806488478,0.3949579831932773,0.226890756302521,16.806722689075627
283,202607342,119,10803,119,114,1.0,1.0,2,4.6887842373137865,0.3949579831932773,0.24369747899159663,15.126050420168067
284,202607343,119,10772,119,113,1.0,1.3999999999999915,2,5.0681045393652155,0.3949579831932773,0.21008403361344538,18.48739495798319
285,202607344,119,10771,119,113,1.0,1.3999999999999915,2,4.690599282794246,0.3949579831932773,0.226890756302521,16.806722689075627
286,202607345,119,10805,119,113,1.0,1.3999999999999915,2,5.140324144351609,0.3949579831932773,0.19327731092436976,20.168067226890756
287,202607346,119,10841,119,114,1.0,1.0,2,5.232633649663159,0.3949579831932773,0.2184873949579832,17.64705882352941
288,202607347,119,10801,119,114,1.0,1.0,2,5.142758017510233,0.3949579831932773,0.21008403361344538,18.48739495798319
289,202607348,119,10803,119,114,1.0,1.0,2,4.63841745289877,0.3949579831932773,0.23529411764705882,15.966386554621847
290,202607349,119,10811,119,115,1.0,1.0,2,4.734467055549817,0.3949579831932773,0.2184873949579832,17.64705882352941
291,202607350,119,10818,119,115,1.0,1.0,2,4.839717666954349,0.3949579831932773,0.2184873949579832,17.64705882352941
292,202607351,119,10785,119,114,1.0,1.0,2,4.989843859248515,0.3949579831932773,0.19327731092436976,20.168067226890756
293,202607352,119,10814,119,112,1.0,2.0,2,5.3526840518180325,0.3949579831932773,0.226890756302521,16.806722689075627
294,202607353,119,10767,119,114,1.0,1.0,2,5.80424612652498,0.3949579831932773,0.19327731092436976,20.168067226890756
295,202607354,119,10779,119,113,1.0,1.3999999999999915,2,4.309529111957027,0.3949579831932773,0.25210084033613445,14.285714285714285
296,202607355,119,10767,119,115,1.0,1.0,2,4.493774244977012,0.3949579831932773,0.23529411764705882,15.966386554621847
297,202607356,119,10817,119,115,1.0,1.0,2,5.549769408728606,0.3949579831932773,0.20168067226890757,19.327731092436974
298,202607357,119,10758,119,113,1.0,1.3999999999999915,2,4.276424370154375,0.3949579831932773,0.23529411764705882,15.966386554621847
299,202607358,119,10769,119,115,1.0,1.0,2,5.036369590602779,0.3949579831932773,0.21008403361344538,18.48739495798319
300,202607359,119,10805,119,117,1.0,1.0,2,4.630724285666282,0.3949579831932773,0.2184873949579832,17.64705882352941
301,202607360,119,10803,119,113,1.0,1.3999999999999915,2,4.8810428219688315,0.3949579831932773,0.20168067226890757,19.327731092436974
302,202607361,119,10767,119,113,1.0,1.3999999999999915,2,4.43760300587829,0.3949579831932773,0.25210084033613445,14.285714285714285
303,202607362,119,10805,119,114,1.0,1.0,2,4.436537458596357,0.3949579831932773,0.21008403361344538,18.48739495798319
304,202607363,119,10832,119,113,1.0,1.3999999999999915,2,4.590211546163935,0.3949579831932773,0.23529411764705882,15.966386554621847
305,202607364,119,10819,119,114,1.0,1.0,2,4.560397954446587,0.3949579831932773,0.2184873949579832,17.64705882352941
306,202607365,119,10850,119,115,1.0,1.0,2,5.395812734501767,0.3949579831932773,0.21008403361344538,18.48739495798319
307,202607366,119,10828,119,113,1.0,1.3999999999999915,2,5.303733395188141,0.3949579831932773,0.16806722689075632,22.6890756302521
308,202607367,119,10770,119,114,1.0,1.0,2,5.129787434058227,0.3949579831932773,0.21008403361344538,18.48739495798319
309,202607368,119,10791,119,114,1.0,1.0,2,4.901703924365582,0.3949579831932773,0.21008403361344538,18.48739495798319
310,202607369,119,10811,119,114,1.0,1.0,2,4.76384206885162,0.3949579831932773,0.21008403361344538,18.48739495798319
311,202607370,119,10777,119,114,1.0,1.0,2,4.27250515978978,0.3949579831932773,0.23529411764705882,15.966386554621847
312,202607371,119,10745,119,112,1.0,2.0,2,5.552753195305238,0.3949579831932773,0.19327731092436976,20.168067226890756
313,202607372,119,10828,119,115,1.0,1.0,2,4.883315464780179,0.3949579831932773,0.21008403361344538,18.48739495798319
314,202607373,119,10811,119,116,1.0,1.0,2,5.0949557715113745,0.3949579831932773,0.2184873949579832,17.64705882352941
315,202607374,119,10812,119,114,1.0,1.0,2,5.018320789687168,0.3949579831932773,0.18487394957983194,21.008403361344534
316,202607375,119,10812,119,114,1.0,1.0,2,4.938295740732125,0.3949579831932773,0.2184873949579832,17.64705882352941
317,202607376,119,10767,119,113,1.0,1.3999999999999915,2,4.835670227064583,0.3949579831932773,0.23529411764705882,15.966386554621847
318,202607377,119,10799,119,115,1.0,1.0,2,6.079568087654422,0.3949579831932773,0.15966386554621848,23.52941176470588
319,202607378,119,10806,119,114,1.0,1.0,2,4.887324727341807,0.3949579831932773,0.226890756302521,16.806722689075627
320,202607379,119,10824,119,115,1.0,1.0,2,5.0746526424359315,0.3949579831932773,0.2184873949579832,17.64705882352941
321,202607380,119,10790,119,115,1.0,1.0,2,5.358401877346734,0.3949579831932773,0.21008403361344538,18.48739495798319
322,202607381,119,10800,119,115,1.0,1.0,2,3.6983254273913873,0.3949579831932773,0.24369747899159663,15.126050420168067
323,202607382,119,10791,119,114,1.0,1.0,2,4.769529803023264,0.3949579831932773,0.21008403361344538,18.48739495798319
324,202607383,119,10809,119,116,1.0,1.0,2,4.582609292181362,0.3949579831932773,0.24369747899159663,15.126050420168067
325,202607384,119,10794,119,114,1.0,1.0,2,4.741854093752655,0.3949579831932773,0.24369747899159663,15.126050420168067
326,202607385,119,10873,119,113,1.0,1.3999999999999915,2,5.155614333591116,0.3949579831932773,0.21008403361344538,18.48739495798319
327,202607386,119,10806,119,114,1.0,1.0,2,5.321899037705619,0.3949579831932773,0.226890756302521,16.806722689075627
328,202607387,119,10802,119,115,1.0,1.0,2,4.569560018674284,0.3949579831932773,0.2605042016806723,13.4453781512605
329,202607388,119,10781,119,117,1.0,1.0,2,6.057451851355001,0.3949579831932773,0.20168067226890757,19.327731092436974
330,202607389,119,10790,119,113,1.0,1.3999999999999915,2,4.557384310509647,0.3949579831932773,0.23529411764705882,15.966386554621847
331,202607390,119,10804,119,115,1.0,1.0,2,4.863397957802879,0.3949579831932773,0.21008403361344538,18.48739495798319
332,202607391,119,10774,119,114,1.0,1.0,2,4.735179532014105,0.3949579831932773,0.23529411764705882,15.966386554621847
333,202607392,119,10775,119,113,1.0,1.3999999999999915,2,4.6602929688075845,0.3949579831932773,0.226890756302521,16.806722689075627
334,202607393,119,10810,119,114,1.0,1.0,2,5.084277393620933,0.3949579831932773,0.20168067226890757,19.327731092436974
335,202607394,119,10800,119,115,1.0,1.0,2,5.2526846594064045,0.3949579831932773,0.24369747899159663,15.126050420168067
336,202607395,119,10787,119,114,1.0,1.0,2,5.899365526365523,0.3949579831932773,0.21008403361344538,18.48739495798319
337,202607396,119,10836,119,113,1.0,1.3999999999999915,2,4.88624242401135,0.3949579831932773,0.226890756302521,16.806722689075627
338,202607397,119,10779,119,111,1.0,2.0,2,5.032832019839627,0.3949579831932773,0.2184873949579832,17.64705882352941
339,202607398,119,10796,119,114,1.0,1.0,2,4.596276955104444,0.3949579831932773,0.24369747899159663,15.126050420168067
340,202607399,119,10793,119,114,1.0,1.0,2,4.580740034925531,0.3949579831932773,0.19327731092436976,20.168067226890756
341,202607400,119,10799,119,112,1.0,2.0,2,5.117276830221843,0.3949579831932773,0.20168067226890757,19.327731092436974
342,202607401,119,10799,119,114,1.0,1.0,2,5.458842924054797,0.3949579831932773,0.21008403361344538,18.48739495798319
343,202607402,119,10807,119,113,1.0,1.3999999999999915,2,5.080123926349824,0.3949579831932773,0.23529411764705882,15.966386554621847
344,202607403,119,10833,119,113,1.0,1.3999999999999915,2,5.242487019066177,0.3949579831932773,0.24369747899159663,15.126050420168067
345,202607404,119,10786,119,114,1.0,1.0,2,4.531294852658163,0.3949579831932773,0.24369747899159663,15.126050420168067
346,202607405,119,10801,119,114,1.0,1.0,2,4.911535513194096,0.3949579831932773,0.2184873949579832,17.64705882352941
347,202607406,119,10788,119,114,1.0,1.0,2,5.696499996154702,0.3949579831932773,0.20168067226890757,19.327731092436974
348,202607407,119,10812,119,114,1.0,1.0,2,4.7901170536289,0.3949579831932773,0.226890756302521,16.806722689075627
349,202607408,119,10804,119,113,1.0,1.3999999999999915,2,4.73433954509435,0.3949579831932773,0.2184873949579832,17.64705882352941
350,202607409,119,10792,119,118,1.0,1.0,2,5.325212062907006,0.3949579831932773,0.21008403361344538,18.48739495798319
351,202607410,119,10814,119,114,1.0,1.0,2,4.0760213438723305,0.3949579831932773,0.2773109243697479,11.764705882352938
352,202607411,119,10792,119,114,1.0,1.0,2,4.238225403409499,0.3949579831932773,0.24369747899159663,15.126050420168067
353,202607412,119,10798,119,114,1.0,1.0,2,4.43398205223452,0.3949579831932773,0.21008403361344538,18.48739495798319
354,202607413,119,10809,119,117,1.0,1.0,2,5.022835463850443,0.3949579831932773,0.226890756302521,16.806722689075627
355,202607414,119,10771,119,115,1.0,1.0,2,5.176971398687745,0.3949579831932773,0.19327731092436976,20.168067226890756
356,202607415,119,10821,119,117,1.0,1.0,2,4.947302900394787,0.3949579831932773,0.24369747899159663,15.126050420168067
357,202607416,119,10764,119,116,1.0,1.0,2,5.25156217474796,0.3949579831932773,0.19327731092436976,20.168067226890756
358,202607417,119,10797,119,113,1.0,1.3999999999999915,2,4.8562192142941125,0.3949579831932773,0.24369747899159663,15.126050420168067
359,202607418,119,10812,119,114,1.0,1.0,2,4.957468542931253,0.3949579831932773,0.2184873949579832,17.64705882352941
360,202607419,119,10816,119,115,1.0,1.0,2,5.3503003946689915,0.3949579831932773,0.21008403361344538,18.48739495798319
361,202607420,119,10872,119,115,1.0,1.0,2,5.41976489123419,0.3949579831932773,0.18487394957983194,21.008403361344534
362,202607421,119,10804,119,114,1.0,1.0,2,5.952287757449293,0.3949579831932773,0.2184873949579832,17.64705882352941
363,202607422,119,10805,119,114,1.0,1.0,2,4.246448604388976,0.3949579831932773,0.25210084033613445,14.285714285714285
364,202607423,119,10780,119,114,1.0,1.0,2,5.902395349240935,0.3949579831932773,0.16806722689075632,22.6890756302521
365,202607424,119,10773,119,113,1.0,1.3999999999999915,2,5.301067702088382,0.3949579831932773,0.2184873949579832,17.64705882352941
366,202607425,119,10782,119,112,1.0,2.0,2,5.471682200069864,0.3949579831932773,0.21008403361344538,18.48739495798319
367,202607426,119,10809,119,114,1.0,1.0,2,5.41989662971913,0.3949579831932773,0.20168067226890757,19.327731092436974
368,202607427,119,10794,119,115,1.0,1.0,2,4.539976743332446,0.3949579831932773,0.24369747899159663,15.126050420168067
369,202607428,119,10840,119,115,1.0,1.0,2,4.738640585215833,0.3949579831932773,0.226890756302521,16.806722689075627
370,202607429,119,10822,119,112,1.0,2.0,2,5.406975826332087,0.3949579831932773,0.18487394957983194,21.008403361344534
371,202607430,119,10799,119,112,1.0,2.0,2,4.711077504270007,0.3949579831932773,0.25210084033613445,14.285714285714285
372,202607431,119,10770,119,114,1.0,1.0,2,5.295193020963427,0.3949579831932773,0.19327731092436976,20.168067226890756
373,202607432,119,10788,119,114,1.0,1.0,2,4.440027184300668,0.3949579831932773,0.2184873949579832,17.64705882352941
374,202607433,119,10812,119,113,1.0,1.3999999999999915,2,5.666492288935663,0.3949579831932773,0.20168067226890757,19.327731092436974
375,202607434,119,10814,119,113,1.0,1.3999999999999915,2,4.515765472821567,0.3949579831932773,0.2184873949579832,17.64705882352941
376,202607435,119,10841,119,114,1.0,1.0,2,4.829747067501741,0.3949579831932773,0.25210084033613445,14.285714285714285
377,202607436,119,10763,119,111,1.0,2.0,2,5.529993742964274,0.3949579831932773,0.20168067226890757,19.327731092436974
378,202607437,119,10824,119,116,1.0,1.0,2,5.0139276308387775,0.3949579831932773,0.23529411764705882,15.966386554621847
379,202607438,119,10783,119,117,1.0,1.0,2,5.38081476527051,0.3949579831932773,0.20168067226890757,19.327731092436974
380,202607439,119,10810,119,113,1.0,1.3999999999999915,2,5.07152787424609,0.3949579831932773,0.21008403361344538,18.48739495798319
381,202607440,119,10814,119,113,1.0,1.3999999999999915,2,4.586980995930078,0.3949579831932773,0.19327731092436976,20.168067226890756
382,202607441,119,10827,119,112,1.0,2.0,2,4.341195518029052,0.3949579831932773,0.23529411764705882,15.966386554621847
383,202607442,119,10818,119,114,1.0,1.0,2,4.976488980627639,0.3949579831932773,0.226890756302521,16.806722689075627
384,202607443,119,10816,119,115,1.0,1.0,2,4.416953818181357,0.3949579831932773,0.226890756302521,16.806722689075627
385,202607444,119,10795,119,114,1.0,1.0,2,4.753399089387003,0.3949579831932773,0.21008403361344538,18.48739495798319
386,202607445,119,10786,119,114,1.0,1.0,2,5.238251502448633,0.3949579831932773,0.21008403361344538,18.48739495798319
387,202607446,119,10797,119,113,1.0,1.3999999999999915,2,5.340373128829428,0.3949579831932773,0.23529411764705882,15.966386554621847
388,202607447,119,10808,119,115,1.0,1.0,2,4.803900310862067,0.3949579831932773,0.23529411764705882,15.966386554621847
389,202607448,119,10860,119,114,1.0,1.0,2,5.348835858139519,0.3949579831932773,0.21008403361344538,18.48739495798319
390,202607449,119,10800,119,115,1.0,1.0,2,5.094396925689702,0.3949579831932773,0.226890756302521,16.806722689075627
391,202607450,119,10781,119,116,1.0,1.0,2,5.468825267579189,0.3949579831932773,0.226890756302521,16.806722689075627
392,202607451,119,10833,119,115,1.0,1.0,2,5.323102888147581,0.3949579831932773,0.226890756302521,16.806722689075627
393,202607452,119,10801,119,113,1.0,1.3999999999999915,2,5.160488345882969,0.3949579831932773,0.19327731092436976,20.168067226890756
394,202607453,119,10793,119,113,1.0,1.3999999999999915,2,5.061955080753166,0.3949579831932773,0.226890756302521,16.806722689075627
395,202607454,119,10798,119,115,1.0,1.0,2,4.289738841741711,0.3949579831932773,0.226890756302521,16.806722689075627
396,202607455,119,10825,119,112,1.0,2.0,2,5.742866134338783,0.3949579831932773,0.18487394957983194,21.008403361344534
397,202607456,119,10830,119,113,1.0,1.3999999999999915,2,4.942843365211137,0.3949579831932773,0.226890756302521,16.806722689075627
398,202607457,119,10840,119,114,1.0,1.0,2,4.277067496108944,0.3949579831932773,0.23529411764705882,15.966386554621847
399,202607458,119,10791,119,114,1.0,1.0,2,4.846479238578476,0.3949579831932773,0.21008403361344538,18.48739495798319
400,202607459,119,10815,119,114,1.0,1.0,2,4.702004728610598,0.3949579831932773,0.226890756302521,16.806722689075627
401,202607460,119,10754,119,115,1.0,1.0,2,5.167331158264933,0.3949579831932773,0.226890756302521,16.806722689075627
402,202607461,119,10832,119,114,1.0,1.0,2,5.02001434229324,0.3949579831932773,0.226890756302521,16.806722689075627
403,202607462,119,10833,119,114,1.0,1.0,2,4.938802414271161,0.3949579831932773,0.21008403361344538,18.48739495798319
404,202607463,119,10838,119,112,1.0,2.0,2,4.876773660927946,0.3949579831932773,0.23529411764705882,15.966386554621847
405,202607464,119,10825,119,115,1.0,1.0,2,4.8620557094700265,0.3949579831932773,0.2184873949579832,17.64705882352941
406,202607465,119,10798,119,115,1.0,1.0,2,5.057592856562864,0.3949579831932773,0.23529411764705882,15.966386554621847
407,202607466,119,10807,119,113,1.0,1.3999999999999915,2,5.195124614204075,0.3949579831932773,0.226890756302521,16.806722689075627
408,202607467,119,10811,119,114,1.0,1.0,2,4.887777100815499,0.3949579831932773,0.21008403361344538,18.48739495798319
409,202607468,119,10821,119,112,1.0,2.0,2,4.411168982587695,0.3949579831932773,0.226890756302521,16.806722689075627
410,202607469,119,10806,119,115,1.0,1.0,2,4.841999460737987,0.3949579831932773,0.23529411764705882,15.966386554621847
411,202607470,119,10815,119,114,1.0,1.0,2,4.920220653391973,0.3949579831932773,0.226890756302521,16.806722689075627
412,202607471,119,10805,119,116,1.0,1.0,2,5.05875818306141,0.3949579831932773,0.23529411764705882,15.966386554621847
413,202607472,119,10773,119,114,1.0,1.0,2,4.592751620950027,0.3949579831932773,0.2184873949579832,17.64705882352941
414,202607473,119,10793,119,115,1.0,1.0,2,5.325249494630528,0.3949579831932773,0.19327731092436976,20.168067226890756
415,202607474,119,10779,119,114,1.0,1.0,2,6.0840075163619876,0.3949579831932773,0.19327731092436976,20.168067226890756
416,202607475,119,10810,119,116,1.0,1.0,2,5.048055943147702,0.3949579831932773,0.18487394957983194,21.008403361344534
417,202607476,119,10815,119,113,1.0,1.3999999999999915,2,4.989264054639448,0.3949579831932773,0.17647058823529413,21.848739495798316
418,202607477,119,10819,119,114,1.0,1.0,2,5.310944120517458,0.3949579831932773,0.18487394957983194,21.008403361344534
419,202607478,119,10756,119,116,1.0,1.0,2,4.5511725528746165,0.3949579831932773,0.25210084033613445,14.285714285714285
420,202607479,119,10762,119,114,1.0,1.0,2,5.21058926929542,0.3949579831932773,0.2184873949579832,17.64705882352941
421,202607480,119,10785,119,114,1.0,1.0,2,4.893581067806963,0.3949579831932773,0.226890756302521,16.806722689075627
422,202607481,119,10797,119,113,1.0,1.3999999999999915,2,4.507936164229658,0.3949579831932773,0.2184873949579832,17.64705882352941
423,202607482,119,10797,119,115,1.0,1.0,2,4.6301622482295075,0.3949579831932773,0.2184873949579832,17.64705882352941
424,202607483,119,10779,119,114,1.0,1.0,2,4.638153100881253,0.3949579831932773,0.23529411764705882,15.966386554621847
425,202607484,119,10778,119,115,1.0,1.0,2,5.202150042232543,0.3949579831932773,0.2184873949579832,17.64705882352941
426,202607485,119,10797,119,114,1.0,1.0,2,5.0153517096824345,0.3949579831932773,0.23529411764705882,15.966386554621847
427,202607486,119,10800,119,112,1.0,2.0,2,4.908315146553255,0.3949579831932773,0.20168067226890757,19.327731092436974
428,202607487,119,10821,119,116,1.0,1.0,2,5.378764772341931,0.3949579831932773,0.21008403361344538,18.48739495798319
429,202607488,119,10792,119,116,1.0,1.0,2,5.741587698518424,0.3949579831932773,0.19327731092436976,20.168067226890756
430,202607489,119,10792,119,113,1.0,1.3999999999999915,2,5.143483589180943,0.3949579831932773,0.2184873949579832,17.64705882352941
431,202607490,119,10831,119,115,1.0,1.0,2,5.462708825966817,0.3949579831932773,0.21008403361344538,18.48739495798319
432,202607491,119,10809,119,114,1.0,1.0,2,4.681385961978549,0.3949579831932773,0.24369747899159663,15.126050420168067
433,202607492,119,10829,119,114,1.0,1.0,2,5.029293235763354,0.3949579831932773,0.21008403361344538,18.48739495798319
434,202607493,119,10820,119,115,1.0,1.0,2,4.921861929994137,0.3949579831932773,0.21008403361344538,18.48739495798319
435,202607494,119,10808,119,114,1.0,1.0,2,4.768894520701516,0.3949579831932773,0.2184873949579832,17.64705882352941
436,202607495,119,10808,119,114,1.0,1.0,2,4.7727369203116226,0.3949579831932773,0.226890756302521,16.806722689075627
437,202607496,119,10806,119,114,1.0,1.0,2,4.743404625275564,0.3949579831932773,0.226890756302521,16.806722689075627
438,202607497,119,10797,119,114,1.0,1.0,2,5.494357544952982,0.3949579831932773,0.20168067226890757,19.327731092436974
439,202607498,119,10812,119,116,1.0,1.0,2,4.884831424002266,0.3949579831932773,0.24369747899159663,15.126050420168067
440,202607499,119,10853,119,114,1.0,1.0,2,5.024233785659028,0.3949579831932773,0.24369747899159663,15.126050420168067
441,202607500,119,10794,119,114,1.0,1.0,2,5.024521818309973,0.3949579831932773,0.2184873949579832,17.64705882352941
442,202607501,119,10828,119,112,1.0,2.0,2,5.208608220944875,0.3949579831932773,0.2184873949579832,17.64705882352941
443,202607502,119,10792,119,114,1.0,1.0,2,4.239352148569111,0.3949579831932773,0.23529411764705882,15.966386554621847
444,202607503,119,10820,119,112,1.0,2.0,2,4.6575493873947,0.3949579831932773,0.24369747899159663,15.126050420168067
445,202607504,119,10826,119,114,1.0,1.0,2,5.465283343808549,0.3949579831932773,0.19327731092436976,20.168067226890756
446,202607505,119,10797,119,113,1.0,1.3999999999999915,2,4.559362766832232,0.3949579831932773,0.226890756302521,16.806722689075627
447,202607506,119,10810,119,113,1.0,1.3999999999999915,2,4.931072404982124,0.3949579831932773,0.21008403361344538,18.48739495798319
448,202607507,119,10836,119,114,1.0,1.0,2,5.405495498423446,0.3949579831932773,0.24369747899159663,15.126050420168067
449,202607508,119,10814,119,114,1.0,1.0,2,5.372497943873655,0.3949579831932773,0.20168067226890757,19.327731092436974
450,202607509,119,10780,119,113,1.0,1.3999999999999915,2,4.9225714363470106,0.3949579831932773,0.2184873949579832,17.64705882352941
451,202607510,119,10793,119,114,1.0,1.0,2,5.477519087048667,0.3949579831932773,0.19327731092436976,20.168067226890756
452,202607511,119,10789,119,114,1.0,1.0,2,5.503867946270054,0.3949579831932773,0.19327731092436976,20.168067226890756
453,202607512,119,10772,119,113,1.0,1.3999999999999915,2,4.80368959280148,0.3949579831932773,0.25210084033613445,14.285714285714285
454,202607513,119,10795,119,114,1.0,1.0,2,5.033448434595032,0.3949579831932773,0.21008403361344538,18.48739495798319
455,202607514,119,10803,119,113,1.0,1.3999999999999915,2,5.61958165569972,0.3949579831932773,0.19327731092436976,20.168067226890756
456,202607515,119,10779,119,115,1.0,1.0,2,4.378036162232379,0.3949579831932773,0.2605042016806723,13.4453781512605
457,202607516,119,10821,119,113,1.0,1.3999999999999915,2,4.259257771521096,0.3949579831932773,0.21008403361344538,18.48739495798319
458,202607517,119,10808,119,114,1.0,1.0,2,5.11731641547842,0.3949579831932773,0.19327731092436976,20.168067226890756
459,202607518,119,10802,119,114,1.0,1.0,2,4.624880962986112,0.3949579831932773,0.23529411764705882,15.966386554621847
460,202607519,119,10800,119,113,1.0,1.3999999999999915,2,4.854547824749987,0.3949579831932773,0.20168067226890757,19.327731092436974
461,202607520,119,10789,119,116,1.0,1.0,2,5.023808685839418,0.3949579831932773,0.226890756302521,16.806722689075627
462,202607521,119,10792,119,114,1.0,1.0,2,5.438180609774379,0.3949579831932773,0.20168067226890757,19.327731092436974
463,202607522,119,10758,119,115,1.0,1.0,2,5.427860472083075,0.3949579831932773,0.18487394957983194,21.008403361344534
464,202607523,119,10775,119,113,1.0,1.3999999999999915,2,5.423416022063079,0.3949579831932773,0.19327731092436976,20.168067226890756
465,202607524,119,10807,119,113,1.0,1.3999999999999915,2,4.701260795144777,0.3949579831932773,0.2184873949579832,17.64705882352941
466,202607525,119,10815,119,115,1.0,1.0,2,5.518042100194556,0.3949579831932773,0.19327731092436976,20.168067226890756
467,202607526,119,10806,119,113,1.0,1.3999999999999915,2,5.224160836449646,0.3949579831932773,0.21008403361344538,18.48739495798319
468,202607527,119,10775,119,115,1.0,1.0,2,5.375314877614113,0.3949579831932773,0.24369747899159663,15.126050420168067
469,202607528,119,10776,119,113,1.0,1.3999999999999915,2,5.661492629630241,0.3949579831932773,0.19327731092436976,20.168067226890756
470,202607529,119,10793,119,114,1.0,1.0,2,5.0264201827111235,0.3949579831932773,0.21008403361344538,18.48739495798319
471,202607530,119,10861,119,113,1.0,1.3999999999999915,2,5.426893839334666,0.3949579831932773,0.19327731092436976,20.168067226890756
472,202607531,119,10803,119,114,1.0,1.0,2,5.406337272484618,0.3949579831932773,0.20168067226890757,19.327731092436974
473,202607532,119,10794,119,113,1.0,1.3999999999999915,2,5.20469196273916,0.3949579831932773,0.19327731092436976,20.168067226890756
474,202607533,119,10792,119,115,1.0,1.0,2,5.146248167090588,0.3949579831932773,0.20168067226890757,19.327731092436974
475,202607534,119,10801,119,114,1.0,1.0,2,4.981053916497017,0.3949579831932773,0.20168067226890757,19.327731092436974
476,202607535,119,10799,119,115,1.0,1.0,2,4.491063026296512,0.3949579831932773,0.23529411764705882,15.966386554621847
477,202607536,119,10804,119,115,1.0,1.0,2,4.11491144706026,0.3949579831932773,0.2689075630252101,12.605042016806722
478,202607537,119,10832,119,114,1.0,1.0,2,5.455266457353988,0.3949579831932773,0.226890756302521,16.806722689075627
479,202607538,119,10801,119,114,1.0,1.0,2,4.849484959095196,0.3949579831932773,0.19327731092436976,20.168067226890756
480,202607539,119,10827,119,113,1.0,1.3999999999999915,2,4.55795220241068,0.3949579831932773,0.23529411764705882,15.966386554621847
481,202607540,119,10820,119,113,1.0,1.3999999999999915,2,5.109877768830399,0.3949579831932773,0.2184873949579832,17.64705882352941
482,202607541,119,10757,119,113,1.0,1.3999999999999915,2,5.270008158057824,0.3949579831932773,0.20168067226890757,19.327731092436974
483,202607542,119,10785,119,115,1.0,1.0,2,4.899543896287153,0.3949579831932773,0.226890756302521,16.806722689075627
484,202607543,119,10807,119,113,1.0,1.3999999999999915,2,5.140629505494644,0.3949579831932773,0.2184873949579832,17.64705882352941
485,202607544,119,10817,119,113,1.0,1.3999999999999915,2,4.3283082821828955,0.3949579831932773,0.25210084033613445,14.285714285714285
486,202607545,119,10795,119,115,1.0,1.0,2,5.080051034046718,0.3949579831932773,0.226890756302521,16.806722689075627
487,202607546,119,10802,119,115,1.0,1.0,2,5.34423393782966,0.3949579831932773,0.19327731092436976,20.168067226890756
488,202607547,119,10810,119,115,1.0,1.0,2,4.660470007227959,0.3949579831932773,0.226890756302521,16.806722689075627
489,202607548,119,10844,119,113,1.0,1.3999999999999915,2,4.588165871972264,0.3949579831932773,0.21008403361344538,18.48739495798319
490,202607549,119,10787,119,114,1.0,1.0,2,5.567421337376636,0.3949579831932773,0.20168067226890757,19.327731092436974
491,202607550,119,10791,119,118,1.0,1.0,2,5.637583646829856,0.3949579831932773,0.21008403361344538,18.48739495798319
492,202607551,119,10812,119,115,1.0,1.0,2,5.006806366041772,0.3949579831932773,0.2184873949579832,17.64705882352941
493,202607552,119,10791,119,115,1.0,1.0,2,5.859251057278025,0.3949579831932773,0.15966386554621848,23.52941176470588
494,202607553,119,10764,119,115,1.0,1.0,2,4.5368655957823085,0.3949579831932773,0.226890756302521,16.806722689075627
495,202607554,119,10825,119,115,1.0,1.0,2,5.379038076048019,0.3949579831932773,0.2184873949579832,17.64705882352941
496,202607555,119,10807,119,117,1.0,1.0,2,4.7076932886203515,0.3949579831932773,0.2184873949579832,17.64705882352941
497,202607556,119,10794,119,113,1.0,1.3999999999999915,2,5.446458263700862,0.3949579831932773,0.17647058823529413,21.848739495798316
498,202607557,119,10769,119,116,1.0,1.0,2,6.001177963869523,0.3949579831932773,0.19327731092436976,20.168067226890756
499,202607558,119,10789,119,115,1.0,1.0,2,4.912167380469847,0.3949579831932773,0.19327731092436976,20.168067226890756
500,202607559,119,10785,119,114,1.0,1.0,2,4.4706359555237825,0.3949579831932773,0.23529411764705882,15.966386554621847
